/* Generato da tools/md_assets.py — non modificare a mano. */
#include "gfx.h"

const u16 gfx_palettes[4][16] = {
    {0x0000, 0x0CEE, 0x0ECE, 0x08CE, 0x0AEA, 0x06AE, 0x08AC, 0x088E, 0x048E, 0x048C, 0x048A, 0x06E8, 0x04C6, 0x04C4, 0x0888, 0x046A},
    {0x0000, 0x0000, 0x0EEE, 0x0CEE, 0x0CCE, 0x0ECC, 0x08EE, 0x06CE, 0x04AE, 0x048C, 0x008C, 0x088A, 0x024C, 0x0246, 0x022A, 0x0000},
    {0x0000, 0x0EEE, 0x0CEE, 0x08EE, 0x0CCE, 0x06AE, 0x0CCC, 0x0E8E, 0x0E6E, 0x0E6C, 0x068E, 0x0A68, 0x0E4C, 0x0C4A, 0x0644, 0x0422},
    {0x0000, 0x0CEE, 0x06CE, 0x0EEA, 0x0EC8, 0x0EE6, 0x0EC6, 0x0CC6, 0x0CC4, 0x0CA6, 0x0CA2, 0x0AA2, 0x0882, 0x0CA0, 0x0248, 0x0442},
};

const u32 gfx_tiles[9328] = {
    0x00000000, 0x00000000, 0x00000000, 0x00000000, 0x00000000, 0x00000000, 0x00000000, 0x00000000,
    0x11111111, 0x11111111, 0x11111111, 0x11111111, 0x11111111, 0x11111111, 0x11111111, 0x11111111,
    0x00000000, 0x00000000, 0x00666600, 0x00666600, 0x00666600, 0x00666600, 0x00000000, 0x00000000,
    0x00000000, 0x00000000, 0x00077000, 0x00777700, 0x00777700, 0x00077000, 0x00000000, 0x00000000,
    0x11111111, 0x11111111, 0x11111111, 0x11111111, 0x11111111, 0x11111111, 0x11111111, 0x11111111,
    0x11111111, 0x11211111, 0x11211111, 0x11211111, 0x11211111, 0x11211111, 0x11111111, 0x11211111,
    0x11111111, 0x12121111, 0x12121111, 0x11111111, 0x11111111, 0x11111111, 0x11111111, 0x11111111,
    0x11111111, 0x11212111, 0x11212111, 0x22222211, 0x12121111, 0x22222111, 0x12121111, 0x22221111,
    0x11111111, 0x11211111, 0x12221111, 0x12211111, 0x12221111, 0x11222111, 0x11222111, 0x12221111,
    0x11111111, 0x22211111, 0x21211111, 0x22212111, 0x11211111, 0x12122111, 0x11222111, 0x11122111,
    0x11111111, 0x12221111, 0x12111111, 0x12211111, 0x12211111, 0x22222111, 0x22122111, 0x12222111,
    0x11111111, 0x11211111, 0x11211111, 0x11111111, 0x11111111, 0x11111111, 0x11111111, 0x11111111,
    0x11121111, 0x11211111, 0x11211111, 0x11211111, 0x11211111, 0x11211111, 0x11211111, 0x11121111,
    0x12211111, 0x11211111, 0x11221111, 0x11221111, 0x11221111, 0x11221111, 0x11211111, 0x12211111,
    0x11111111, 0x11211111, 0x12222111, 0x12222111, 0x11211111, 0x11111111, 0x11111111, 0x11111111,
    0x11111111, 0x11111111, 0x11111111, 0x11211111, 0x11211111, 0x22222111, 0x11211111, 0x11211111,
    0x11111111, 0x11111111, 0x11111111, 0x11111111, 0x11111111, 0x11111111, 0x11221111, 0x11211111,
    0x11111111, 0x11111111, 0x11111111, 0x11111111, 0x11111111, 0x12221111, 0x11111111, 0x11111111,
    0x11111111, 0x11111111, 0x11111111, 0x11111111, 0x11111111, 0x11111111, 0x11221111, 0x11221111,
    0x11111111, 0x11112111, 0x11121111, 0x11121111, 0x11211111, 0x11211111, 0x12111111, 0x12111111,
    0x11111111, 0x12221111, 0x12122111, 0x12122111, 0x22222111, 0x12122111, 0x12122111, 0x12221111,
    0x11111111, 0x12221111, 0x11221111, 0x11221111, 0x11221111, 0x11221111, 0x11221111, 0x12222111,
    0x11111111, 0x12221111, 0x11122111, 0x11122111, 0x11121111, 0x11211111, 0x12111111, 0x22222111,
    0x11111111, 0x12221111, 0x11122111, 0x11122111, 0x11221111, 0x11122111, 0x11122111, 0x22221111,
    0x11111111, 0x11221111, 0x11221111, 0x12121111, 0x12121111, 0x22222111, 0x11121111, 0x11121111,
    0x11111111, 0x12222111, 0x12111111, 0x12111111, 0x12221111, 0x11122111, 0x11122111, 0x12221111,
    0x11111111, 0x11222111, 0x12111111, 0x12111111, 0x22221111, 0x12122111, 0x12122111, 0x12221111,
    0x11111111, 0x22222111, 0x11122111, 0x11121111, 0x11221111, 0x11221111, 0x11211111, 0x12211111,
    0x11111111, 0x12221111, 0x12122111, 0x12122111, 0x12221111, 0x12122111, 0x12122111, 0x12221111,
    0x11111111, 0x12221111, 0x22122111, 0x22122111, 0x12222111, 0x11122111, 0x11122111, 0x12221111,
    0x11111111, 0x11111111, 0x11111111, 0x11221111, 0x11221111, 0x11111111, 0x11221111, 0x11221111,
    0x11111111, 0x11111111, 0x11111111, 0x11221111, 0x11221111, 0x11111111, 0x11221111, 0x11211111,
    0x11111111, 0x11111111, 0x11111111, 0x11112111, 0x12221111, 0x22111111, 0x12221111, 0x11112111,
    0x11111111, 0x11111111, 0x11111111, 0x11111111, 0x22222111, 0x11111111, 0x22222111, 0x11111111,
    0x11111111, 0x11111111, 0x11111111, 0x22111111, 0x12221111, 0x11122111, 0x12221111, 0x22111111,
    0x11111111, 0x12221111, 0x12122111, 0x11122111, 0x11221111, 0x11211111, 0x11111111, 0x11211111,
    0x11111111, 0x11111111, 0x12221111, 0x12112111, 0x21222111, 0x21212111, 0x21212111, 0x21222111,
    0x11111111, 0x11221111, 0x12221111, 0x12221111, 0x12121111, 0x12222111, 0x22112111, 0x22112111,
    0x11111111, 0x22221111, 0x22122111, 0x22122111, 0x22221111, 0x22122111, 0x22112111, 0x22222111,
    0x11111111, 0x11221111, 0x12212111, 0x12111111, 0x12111111, 0x12111111, 0x12212111, 0x11221111,
    0x11111111, 0x12221111, 0x12122111, 0x12122111, 0x12112111, 0x12122111, 0x12122111, 0x12221111,
    0x11111111, 0x12222111, 0x12111111, 0x12111111, 0x12222111, 0x12111111, 0x12111111, 0x12222111,
    0x11111111, 0x12222111, 0x12111111, 0x12111111, 0x12222111, 0x12111111, 0x12111111, 0x12111111,
    0x11111111, 0x11221111, 0x12212111, 0x12111111, 0x22111111, 0x12122111, 0x12212111, 0x11222111,
    0x11111111, 0x12122111, 0x12122111, 0x12122111, 0x12222111, 0x12122111, 0x12122111, 0x12122111,
    0x11111111, 0x12222111, 0x11211111, 0x11211111, 0x11211111, 0x11211111, 0x11211111, 0x12222111,
    0x11111111, 0x12222111, 0x11122111, 0x11122111, 0x11122111, 0x11122111, 0x11121111, 0x12221111,
    0x11111111, 0x22122111, 0x22121111, 0x22221111, 0x22221111, 0x22121111, 0x22122111, 0x22112111,
    0x11111111, 0x12111111, 0x12111111, 0x12111111, 0x12111111, 0x12111111, 0x12111111, 0x12222111,
    0x11111111, 0x22122111, 0x22122111, 0x22222111, 0x22222111, 0x22222111, 0x22112111, 0x22112111,
    0x11111111, 0x22112111, 0x22212111, 0x22212111, 0x22222111, 0x22222111, 0x22122111, 0x22122111,
    0x11111111, 0x12221111, 0x12122111, 0x22112111, 0x22112111, 0x22112111, 0x12122111, 0x12221111,
    0x11111111, 0x12221111, 0x12122111, 0x12122111, 0x12221111, 0x12111111, 0x12111111, 0x12111111,
    0x11111111, 0x12221111, 0x12122111, 0x22112111, 0x22112111, 0x22112111, 0x12122111, 0x12221111,
    0x11111111, 0x22221111, 0x22122111, 0x22122111, 0x22221111, 0x22121111, 0x22122111, 0x22112111,
    0x11111111, 0x12221111, 0x12112111, 0x12111111, 0x12221111, 0x11122111, 0x11122111, 0x12221111,
    0x11111111, 0x22222111, 0x11211111, 0x11211111, 0x11211111, 0x11211111, 0x11211111, 0x11211111,
    0x11111111, 0x22112111, 0x22112111, 0x22112111, 0x22112111, 0x22112111, 0x12122111, 0x12221111,
    0x11111111, 0x22112111, 0x22122111, 0x12122111, 0x12121111, 0x12221111, 0x12221111, 0x11221111,
    0x11111111, 0x21112111, 0x21112111, 0x21212111, 0x22222111, 0x22222111, 0x12122111, 0x12122111,
    0x11111111, 0x22112111, 0x12122111, 0x12221111, 0x11221111, 0x12221111, 0x12122111, 0x22112111,
    0x11111111, 0x22112111, 0x12122111, 0x12221111, 0x11221111, 0x11211111, 0x11211111, 0x11211111,
    0x11111111, 0x12222111, 0x11122111, 0x11221111, 0x11221111, 0x12211111, 0x12111111, 0x22222111,
    0x11221111, 0x11211111, 0x11211111, 0x11211111, 0x11211111, 0x11211111, 0x11211111, 0x11221111,
    0x11111111, 0x12111111, 0x12111111, 0x11211111, 0x11211111, 0x11121111, 0x11121111, 0x11112111,
    0x12221111, 0x11221111, 0x11221111, 0x11221111, 0x11221111, 0x11221111, 0x11221111, 0x12221111,
    0x11111111, 0x11221111, 0x12122111, 0x11111111, 0x11111111, 0x11111111, 0x11111111, 0x11111111,
    0x11111111, 0x11111111, 0x11111111, 0x11111111, 0x11111111, 0x11111111, 0x11111111, 0x11111111,
    0x12211111, 0x11211111, 0x11111111, 0x11111111, 0x11111111, 0x11111111, 0x11111111, 0x11111111,
    0x11111111, 0x11111111, 0x11111111, 0x12221111, 0x11122111, 0x12222111, 0x22122111, 0x12222111,
    0x12111111, 0x12111111, 0x12111111, 0x12221111, 0x12122111, 0x12112111, 0x12122111, 0x12221111,
    0x11111111, 0x11111111, 0x11111111, 0x11222111, 0x12211111, 0x12111111, 0x12211111, 0x11222111,
    0x11122111, 0x11122111, 0x11122111, 0x12222111, 0x22122111, 0x22122111, 0x22122111, 0x12222111,
    0x11111111, 0x11111111, 0x11111111, 0x12221111, 0x12122111, 0x22222111, 0x22111111, 0x12222111,
    0x11222111, 0x11211111, 0x11211111, 0x12222111, 0x11211111, 0x11211111, 0x11211111, 0x11211111,
    0x11111111, 0x11111111, 0x11111111, 0x12222111, 0x22122111, 0x22122111, 0x22122111, 0x12222111,
    0x12111111, 0x12111111, 0x12111111, 0x12221111, 0x12122111, 0x12122111, 0x12122111, 0x12122111,
    0x11221111, 0x11221111, 0x11111111, 0x12221111, 0x11221111, 0x11221111, 0x11221111, 0x12222111,
    0x11221111, 0x11221111, 0x11111111, 0x12221111, 0x11221111, 0x11221111, 0x11221111, 0x11221111,
    0x12111111, 0x12111111, 0x12111111, 0x12122111, 0x12221111, 0x12221111, 0x12121111, 0x12122111,
    0x22211111, 0x11211111, 0x11211111, 0x11211111, 0x11211111, 0x11211111, 0x11211111, 0x11222111,
    0x11111111, 0x11111111, 0x11111111, 0x22222111, 0x22212111, 0x22212111, 0x22212111, 0x22212111,
    0x11111111, 0x11111111, 0x11111111, 0x12221111, 0x12122111, 0x12122111, 0x12122111, 0x12122111,
    0x11111111, 0x11111111, 0x11111111, 0x12221111, 0x12122111, 0x22112111, 0x12122111, 0x12221111,
    0x11111111, 0x11111111, 0x11111111, 0x12221111, 0x12122111, 0x12112111, 0x12122111, 0x12221111,
    0x11111111, 0x11111111, 0x11111111, 0x12222111, 0x22122111, 0x22122111, 0x22122111, 0x12222111,
    0x11111111, 0x11111111, 0x11111111, 0x12222111, 0x12211111, 0x12211111, 0x12211111, 0x12211111,
    0x11111111, 0x11111111, 0x11111111, 0x12221111, 0x12211111, 0x12221111, 0x11122111, 0x12221111,
    0x11111111, 0x11111111, 0x11211111, 0x22222111, 0x11211111, 0x11211111, 0x11211111, 0x11222111,
    0x11111111, 0x11111111, 0x11111111, 0x12122111, 0x12122111, 0x12122111, 0x12122111, 0x12222111,
    0x11111111, 0x11111111, 0x11111111, 0x22112111, 0x12122111, 0x12121111, 0x12221111, 0x11221111,
    0x11111111, 0x11111111, 0x11111111, 0x21112111, 0x21212111, 0x22222111, 0x12222111, 0x12122111,
    0x11111111, 0x11111111, 0x11111111, 0x12122111, 0x12221111, 0x11221111, 0x12221111, 0x22122111,
    0x11111111, 0x11111111, 0x11111111, 0x22112111, 0x12122111, 0x12221111, 0x12221111, 0x11221111,
    0x11111111, 0x11111111, 0x11111111, 0x12222111, 0x11121111, 0x11221111, 0x12211111, 0x12222111,
    0x11222111, 0x11221111, 0x11211111, 0x11211111, 0x12211111, 0x11211111, 0x11221111, 0x11222111,
    0x11211111, 0x11211111, 0x11211111, 0x11211111, 0x11211111, 0x11211111, 0x11211111, 0x11211111,
    0x12211111, 0x11211111, 0x11211111, 0x11221111, 0x11222111, 0x11221111, 0x11211111, 0x12211111,
    0x11111111, 0x11111111, 0x11111111, 0x11111111, 0x12212111, 0x11122111, 0x11111111, 0x11111111,
    0x12211111, 0x11211111, 0x11111111, 0x12221111, 0x11122111, 0x12222111, 0x22122111, 0x12222111,
    0x12211111, 0x11211111, 0x11111111, 0x12221111, 0x12122111, 0x22222111, 0x22111111, 0x12222111,
    0x11121111, 0x11221111, 0x11111111, 0x12221111, 0x12122111, 0x22222111, 0x22111111, 0x12222111,
    0x12211111, 0x11211111, 0x11111111, 0x12221111, 0x11221111, 0x11221111, 0x11221111, 0x12222111,
    0x12211111, 0x11211111, 0x11111111, 0x12221111, 0x12122111, 0x22112111, 0x12122111, 0x12221111,
    0x12211111, 0x11211111, 0x11111111, 0x12122111, 0x12122111, 0x12122111, 0x12122111, 0x12222111,
    0x11111111, 0x11111111, 0x11111111, 0x1111B111, 0x1119CB41, 0x11CCB24B, 0x11CC944C, 0x119CCCCC,
    0x11111111, 0x11111111, 0x11111111, 0x111B1111, 0x1BCCC111, 0x9CCCCC11, 0xCCCCCC11, 0xCCCCC911,
    0x1119CCCC, 0x11119CCC, 0x111119CC, 0x1111119C, 0x11111119, 0x11111111, 0x11111111, 0x11111111,
    0xCCCCC111, 0xCCCC1111, 0xCCC11111, 0xCC111111, 0xC1111111, 0x11111111, 0x11111111, 0x11111111,
    0x11111111, 0x11111111, 0x11111111, 0x11114111, 0x111BBB41, 0x11BBBBBB, 0x11BBBBBB, 0x11BBBBBB,
    0x11111111, 0x11111111, 0x11111111, 0x11141111, 0x14BBB111, 0xBBBBBB11, 0xBBBBBB11, 0xBBBBBB11,
    0x111BBBBB, 0x1111BBBB, 0x11111BBB, 0x111111BB, 0x1111111B, 0x11111111, 0x11111111, 0x11111111,
    0xBBBBB111, 0xBBBB1111, 0xBBB11111, 0xBB111111, 0xB1111111, 0x11111111, 0x11111111, 0x11111111,
    0x11111111, 0x11111111, 0x11111111, 0x18777779, 0x18777779, 0x18777779, 0x18997799, 0x18898779,
    0x11111111, 0x11111111, 0x11111111, 0x77777711, 0x77777771, 0x77777971, 0x99999971, 0x99999971,
    0x18999997, 0x18999999, 0x18899999, 0x18899999, 0x18899999, 0x18888889, 0x11777779, 0x11111111,
    0x99999971, 0x79999971, 0x97789971, 0x99778971, 0x99987971, 0x88888971, 0x77777711, 0x11111111,
    0x11111111, 0x11111111, 0x11111111, 0x11111111, 0x11111111, 0x11111112, 0x11111111, 0x11111111,
    0x11111111, 0x11111111, 0x11111111, 0x15221111, 0x55551111, 0x55555111, 0x25555511, 0x32555511,
    0x11111119, 0x11111198, 0x11111891, 0x11118911, 0x11111111, 0x11111111, 0x11111111, 0x11111111,
    0x92555111, 0x11251111, 0x11111111, 0x11111111, 0x11111111, 0x11111111, 0x11111111, 0x11111111,
    0x04BBBBBB, 0xBBBBBBBB, 0xCCCBBCCB, 0xCCCBBCCB, 0xCCCBBCCB, 0xAAFFAFAA, 0xFFFFAFFF, 0xAAAAAAFF,
    0xBBBBBB40, 0xBBBBBBBB, 0xCCCCCCCC, 0xCCCCCCCC, 0xBCAACCCC, 0xAFFFAAAA, 0xFFAFFFFF, 0xAFAFFAAA,
    0xAAFAAAAA, 0xAAAAAAAA, 0xAAAA9AAA, 0xAAAAFAAA, 0xAAA9FA9A, 0xAAAA9AF9, 0x00000000, 0x00000000,
    0xAAAAAAAA, 0xAAAAAAAA, 0xAAAAAAAA, 0xAAAAAAAA, 0xAAA99AAA, 0xAA9FA9AA, 0x00000000, 0x00000000,
    0xA9AAAAAA, 0xAAAAAAAA, 0xAAAAAAAA, 0xA9AAAAAA, 0xAAAAAAAA, 0xAFF9AAAA, 0xA9AAAA99, 0xAAAAAAFF,
    0xAAAAAA9A, 0xAAAAAAAA, 0xAAAAAAAA, 0xAAAAAAAA, 0xAAA9AAAA, 0xAAAAAAAA, 0xA9AFAAAA, 0xA9FFF9AA,
    0xAAAAAAAA, 0xA9FF9AAA, 0xAA99AAAA, 0xAAAAAAAA, 0xAAAAAAAA, 0xAAAAAAAA, 0x00000000, 0x00000000,
    0x9FFF9AAA, 0x9AFA9AAA, 0x9FA9AAAA, 0xAAAAAAAA, 0xAAAAAAAA, 0xAAAAAAAA, 0x00000000, 0x00000000,
    0x04BBBBBB, 0xBBBBBBBB, 0xCCBCBCCC, 0xCBBCBBCC, 0xCBBBBBCC, 0xAFFAAFFF, 0xFFFFFFAF, 0xAAAAAAAA,
    0xBBBBBBBB, 0xBBBBBBBB, 0xCCCCBCBC, 0xCCCCBBBC, 0xCCCCBBBC, 0xFAAFAAAA, 0xFAFFFFFF, 0xAFFAAAAA,
    0xAAAAAAAA, 0xAAAFF9AA, 0xAAAAAFAA, 0xAAAA9FAA, 0xAAAAA9AA, 0xAAAAAAAA, 0x00000000, 0x00000000,
    0xAAAA99AA, 0xA9AAFF9A, 0xAAAAFF9A, 0xAA9FA9AA, 0xAAA9AA9A, 0xAAA9AA9A, 0x00000000, 0x00000000,
    0xAAAAAAAA, 0xAAAAAAAA, 0xAAAAAAAA, 0xAAAAAAAA, 0xAAAAAAAA, 0xAAAAAAAA, 0xAAA9AAAA, 0xAAAFAAAA,
    0xAAAAAA9A, 0xAAAAAAAA, 0xAAAAAAAA, 0xAAAAAAAA, 0xAAAAAAAA, 0xAAAAAAAA, 0xAAAA9AAA, 0xAAAAAAAA,
    0xAAAAAAAA, 0xAFF9AAAA, 0xAFFAAAAA, 0xA99AAAFF, 0xAAAAAAAA, 0xAAAA9AA9, 0x00000000, 0x00000000,
    0xAA9AFAAA, 0xAAAAAA9A, 0xA9FF9AFA, 0x9A9AAAAA, 0xAAAAAA9A, 0xA9FAAAAA, 0x00000000, 0x00000000,
    0x04BBBBBB, 0xBBBBBBBB, 0xCCCBCCCC, 0xCCBBBCCC, 0xACBBBCAA, 0xFFAAAAFF, 0xFFFFFFAF, 0xAAAAAAAA,
    0xBBBBBB40, 0xBBBBBBBB, 0xCCCCCCCC, 0xCCCCCBCC, 0xCCCCCBAC, 0xFAFFAAFF, 0xAFFFFFFF, 0xAAAAAFAA,
    0xAAAAAAA9, 0xAAAAA9FF, 0xAAAAAAAF, 0xAAAAAAA9, 0xAAAAAAAA, 0xAAAAAAAA, 0xAAAAAAAA, 0xAAAAAAAA,
    0xAAAAAAAA, 0xAAA99AFA, 0xA9AFAAAA, 0xA9FFAA9A, 0xAAAAAAAA, 0xAAAAAAAA, 0xAAAAAAA9, 0xAAAAAAAA,
    0xA9AAAAAA, 0xAAAAAAAA, 0xAAAAAAAA, 0xAAAAAAAA, 0xAAAAAAAA, 0xA9AAAAAA, 0xAFAAAAAA, 0xAAAAAAAA,
    0xAAAAAA9A, 0xAAAAAAAA, 0xAAAAAAAA, 0xAAAAAAAA, 0xAFF9AAAA, 0xAFA9AAAA, 0xAAFA9AAA, 0xAAFAAAAA,
    0xA9AAAAAA, 0xAAAAAAAA, 0xAAAAAAAA, 0xAAA9AAAA, 0xAAAFAAAA, 0xAAAAAAAA, 0xAAA9AAAA, 0xAAAAAAAA,
    0xAA9AFAAA, 0xAAAAAAAA, 0xAAAA99AA, 0xAAFFFFAA, 0xAAFFFF9A, 0xAA9A9AF9, 0xAAAAAAAA, 0xAAAAAAAA,
    0x04BBBBBB, 0xBBBBBBBB, 0xCCCCBCCC, 0xCCCCBCCC, 0xCCACBCCC, 0xFFFFAAAA, 0xFFFFFAFF, 0xAAAAAAAA,
    0xBBBBBBBB, 0xBBBBBBBB, 0xCCCCCBCC, 0xCBCCCBCC, 0xEBCCCBCA, 0xFFFAAAFF, 0xAFFFFFFF, 0xAAAAAAAA,
    0xAAAAAAAA, 0xAAAAAAAA, 0xA9FF9AAA, 0xAAAAAA9F, 0xAAAAAAAA, 0xAAAAAAAA, 0xAAAAA9FF, 0xAAAAAAAA,
    0xAAAFFAAA, 0x9AAFFAAA, 0xAAA99A9A, 0xFAAAFAAA, 0xAAAA9AFA, 0x9AAAAAAA, 0x9AAAAAAA, 0xAAAAAAAA,
    0xAAAAAAAA, 0xAAAAAAAA, 0xAAAAAAAA, 0xAAAAAAAA, 0xAAAAAA9A, 0xAAAAAAFA, 0xAAAAAAFF, 0xAAAAAAAA,
    0xAAAAAAAA, 0xAAAAAAAA, 0xAAAAAAAA, 0xAAAAAAAA, 0xAAAAAAAA, 0xAAAA9AA9, 0xAAAAA9AA, 0x9FF9AAAA,
    0xAAAAAAA9, 0xAAAAAA9A, 0xAAAAAAFF, 0xAAAA9FFA, 0xAAFFAAA9, 0xAAAAAAAA, 0xAAA9AAAA, 0xAAAAAAAA,
    0xAAAAAFAA, 0xAAAAA9AA, 0xF9A9AFF9, 0xAAAAAFA9, 0xAAAAA9AA, 0xAAAAAAAA, 0xAAAAAAAA, 0xAAAAAAAA,
    0xBBBBBBBB, 0xBBBBBBBB, 0xCCCCBCBC, 0xCCCCBBBC, 0xCCCBBBBC, 0xAAFFAAAA, 0xFFAAFFFF, 0xAAFFAAAA,
    0xBBBBBB40, 0xBBBBBBBB, 0xCBCCCBCC, 0xCBBCCBCC, 0xCBBABBBC, 0xAAFFAAAA, 0xFFFFFFFF, 0xAFF9AAAA,
    0xAAAAAAAA, 0xAA9AAAAA, 0xAAAA9AAA, 0xAAAAAAA9, 0xAA9FFAA9, 0xAAA99AA9, 0x00000000, 0x00000000,
    0xAFFAAAAA, 0x999AAAAA, 0xFAAAAAAA, 0xFA9AAAAA, 0xFA9A9AAA, 0xFA99AA9A, 0x00000000, 0x00000000,
    0xAAAAAAAA, 0xA9AAAAAA, 0xAAAAAAAA, 0xAAAAAAAA, 0xA9AAAAA9, 0xAFFFF9AA, 0xAAA9AFAA, 0xA9A9FFA9,
    0xAAAAAAAA, 0xAAAAAAAA, 0xA9AAAAAA, 0xAAAAAAAA, 0xAF9AAAAA, 0xA9AAAAAA, 0xAAAAAAAA, 0xAAAAAAAA,
    0xAAAAFA9F, 0xAAAAAAAA, 0xAAAAAAAA, 0xAAAAAAAA, 0xAAAAAAA9, 0xAAAAAAAA, 0x00000000, 0x00000000,
    0xF9AAAAAA, 0xA9AAAAAA, 0xAA9AAAAA, 0xFFF9AAAA, 0xAFA9AAAA, 0x99FA9AAA, 0x00000000, 0x00000000,
    0xBBBBBBBB, 0xBBBBBBBB, 0xCCCBCCCC, 0xCCCBCCBC, 0xCCCBBBBC, 0xFAAAFFAA, 0xFFFFFFFF, 0xAAAAAAAA,
    0xBBBBBBBB, 0xBBBBBBBB, 0xCCCCCBCC, 0xBBCBBBCC, 0xBBBBBBCC, 0xFFAAAAAA, 0xFFFFFFFF, 0xAAAAAAAA,
    0xAAAAAAAA, 0xAAAAAAAA, 0xAAAAAAAF, 0xAAAAAA99, 0xAAAAF9FA, 0xAAAAAA9A, 0x00000000, 0x00000000,
    0xAAAAAAAA, 0x9AFA9AAA, 0xFAFAAAAA, 0xFA999AAA, 0x9AAFFAAA, 0xAA9AFF9A, 0x00000000, 0x00000000,
    0xAAAAAAAA, 0xAAAAAAAA, 0xAA9AAAAA, 0xAAAAAAAA, 0xA9FF9AAA, 0xA9FA9AAA, 0xAA9AAAAA, 0xAAAAAAAA,
    0xAAAAAAAA, 0xAAAAAAAA, 0xAAAAAAAA, 0xAAAA9AAA, 0xAAAAAAAA, 0xAAAAFAAA, 0xA9FF9AAA, 0xAA9AA9AA,
    0xAAAAAAAA, 0xAAAAAAAA, 0xAAAAAAAA, 0xAAAAAAAA, 0x9AFAAAAA, 0xAAAAAAAA, 0x00000000, 0x00000000,
    0xAAA99AAA, 0xAAAAAAAA, 0xAA9FF9AA, 0xAAAAAAAA, 0xAAAAAAAA, 0xAA9AAAAA, 0x00000000, 0x00000000,
    0xBBBBBBBB, 0xBBBBBBBB, 0xCCCBCCCC, 0xCCCBCBCC, 0xACCBBBBA, 0xFFFAAAFF, 0xAFFFFFFF, 0xAAAAAAAA,
    0xBBBBBB40, 0xBBBBBBBB, 0xCCCCCCCC, 0xCCCCCCCC, 0xCCCCCCAC, 0xFAAAAFFF, 0xFFFFFFFF, 0xAAAAAAAA,
    0xAFAAAAAF, 0xAAAAA9AF, 0xAAAAAA99, 0xAAAA9A9F, 0xAAA9FA9A, 0xAAAAA9FF, 0xA9AAA9AA, 0xA9AAAAAA,
    0xAAAAAAAA, 0xA9FF9AAA, 0xAAA9AAAA, 0xF9AAAAAA, 0xAAAA9AAA, 0x9AAAAAAA, 0xAAAAAAA9, 0xAAAAAAAA,
    0xA9AAAAAA, 0xAAAAAAAA, 0xAAAAAAAA, 0xA9AAAAAA, 0xA9AFFAAA, 0xAFFAAAAA, 0xAAAAAAAA, 0xAAAAAAAA,
    0xAAAAAAAA, 0xAAAAAAAA, 0xAAAAA99A, 0xAAAA9FFA, 0xAAAA9FFA, 0xAAAAA99A, 0xAAAAAAAA, 0x9AAAAAAA,
    0xAAAAAAAA, 0xAAAAAAAA, 0xAAAAAAAA, 0xAAAAAA9A, 0xAAAA9FFA, 0xAAAAAAFA, 0xAAAAAA9A, 0xAAAAAAAA,
    0xFA9AAAAA, 0xFFA9AAAA, 0x9FFFAAAA, 0xA9AFF9AA, 0xAAAAAAAA, 0xAAAAAAAA, 0xAAAAAAAA, 0xAAAAAAAA,
    0xBBBBBBBB, 0xBBBBBBBB, 0xCCCBCCCC, 0xCCCBCCCC, 0xCCABBCCC, 0xFFFAAAFA, 0xFFAFFFFF, 0xAAAAAAAA,
    0xBBBBBBBB, 0xBBBBBBBB, 0xCCCBCCCC, 0xCCCBBCCC, 0xAABBBBCA, 0xFFFAAAFF, 0xFAFFFFFF, 0xFF9AAAAA,
    0xAAAAAAAA, 0xAAAAAA9A, 0xAAAAAAFA, 0xAA99AAAA, 0xA9FF9AAA, 0xAAAA9AFF, 0x9AAAAAFA, 0xAAAAAA9A,
    0xAAAAAAAA, 0x9FFF9AAA, 0x9AAAAAAA, 0xAAAAAAAA, 0xAAAAAAAA, 0x9AAAAAAA, 0xAAAAAAAA, 0xAAAAAAAA,
    0xAAAAAAAA, 0xAAAAAAAA, 0xAAAAAAAA, 0xAAAAAAAA, 0xAA9AAAAA, 0x9FF9AAAA, 0xAAAAAAAA, 0xAAAAA99A,
    0xAAAAAAAA, 0xAAAAAAAA, 0xAAAAAAAA, 0xAAAAAAAA, 0xAAAAAAAA, 0xAAAAAAAA, 0xAAAAAAAA, 0xAAAAAAAA,
    0xAAAAAFF9, 0xAAAAAFA9, 0xAAAA999F, 0xAAAAAF9F, 0xAA9FFFA9, 0xAAFFF9AA, 0xAAAFA9AA, 0xAA99AAAA,
    0xAAAAAAAA, 0xAAAAAAAA, 0xFAAAAAAA, 0xFAAAAAAA, 0xA9AAAAAA, 0xAAAAAAAA, 0xAFA9AAAA, 0xAAAAAAAA,
    0x04BBBBBB, 0xBBBBBBBB, 0xCCCCCBCC, 0xCCCCBBCC, 0xCCCBBBAC, 0xFAAAAAFF, 0xFFAFFAFA, 0xAAAAAAAA,
    0xBBBBBB40, 0xBBBBBBBB, 0xCCCCCCCC, 0xCBCCCCCC, 0xBBCCCACC, 0xFFAAFFFA, 0xFFFFFFFF, 0xAAAA9AAA,
    0xAAAAAAAA, 0xAAAAAAAA, 0xAFA9AA9F, 0xAAFAAA9F, 0xAAAAAAAA, 0xAAAAAA9A, 0x00000000, 0x00000000,
    0xAAAFFAAA, 0xAA9FFAAA, 0xFAAAAAAA, 0xFAAAAAAA, 0x9AAAAAAA, 0xFA9AAAAA, 0x00000000, 0x00000000,
    0xAAAAAAAA, 0xA9AAAAAA, 0xAAAAAAAA, 0xAAA9AAAA, 0xA9AF9AAA, 0xAAAAAAAA, 0xAAAAAAAA, 0xAAAAAAAA,
    0xAAAAAAAA, 0xAAAAAA9A, 0xAA99AAAA, 0xA9FF9AAA, 0xA9FFFAAA, 0xAA9AFAAA, 0xAAAA9AAA, 0xAAAAAAAA,
    0xAAAAAAAA, 0xAAAAAAAA, 0xAAAAAAAA, 0xAAAAAAF9, 0xAAAAAAAA, 0xAAAAAAAA, 0x00000000, 0x00000000,
    0xAAAAAAAA, 0xAAAAAAAA, 0xAAAFF9AA, 0xAAFF9AAA, 0xA9A9AF9A, 0xAAAAAAAA, 0x00000000, 0x00000000,
    0x04BBBBBB, 0xBBBBBBBB, 0xCCCCCCCC, 0xCCCCCCBB, 0xAACCCBBB, 0xFFFAAAAA, 0xFFFAFFFF, 0xAAAAAAAA,
    0xBBBBBBBB, 0xBBBBBBBB, 0xCCCCCBCC, 0xCBCCCBCC, 0xBBCCBBCA, 0xAAAAAAFF, 0xFFFFFAFF, 0xAAAAAFAA,
    0xAAAAAAAF, 0xAAAAAAAF, 0xAAAAAAA9, 0xAAAAAAAA, 0x9AAAAAAA, 0xAFF9AA9A, 0x00000000, 0x00000000,
    0xFFFAAFAA, 0xFFFAA9AA, 0xFFA9AAAA, 0xAAAAAAAA, 0xA9AAAAAA, 0xF9AA9FA9, 0x00000000, 0x00000000,
    0xAAAAAAAA, 0xAAAAAAAA, 0xAAAAAAAA, 0xAAA999AA, 0xAAAFFF9A, 0xAAAFFA9A, 0xAAA9FAAA, 0xAAAA9AAA,
    0xAAAAAAAA, 0xAAAAAA9A, 0xAAAAAAAA, 0xAAAAAAAA, 0xAAAAA9AA, 0xAAAAAFAA, 0xAAA9AFAA, 0xAAAF99AA,
    0xAAAAAAAA, 0xAAAAAAAA, 0xAAAAAAAA, 0xAAAAAFAA, 0xAAAAAAAA, 0xAAAAAAAA, 0x00000000, 0x00000000,
    0xAAAFAAAA, 0xAAFF9AAA, 0xAAFAAAAA, 0xAA9AAAAA, 0xAAAAAAAA, 0xAAAAAAAA, 0x00000000, 0x00000000,
    0x04BBBBBB, 0xBBBBBBBB, 0xCCCCCCCC, 0xCCCCCCCC, 0xCCAACCCC, 0xAFFFFAAF, 0xFFFAFAFF, 0xAAAAAFFF,
    0xBBBBBB40, 0xBBBBBBBB, 0xCCCCBBCC, 0xBBCBBBCC, 0xBBABBBCC, 0xFAFAAAAF, 0xFFFFFFFF, 0xAAAAAAAA,
    0xAAAAAFA9, 0xAAAAA9AA, 0xAAAAFAAA, 0xAAAAAAAA, 0xAAAAAAAA, 0xAAAAAAAA, 0xAAA9FF9A, 0xAAAAAAAA,
    0xAAAAAAAA, 0xAAAAAAAA, 0xAAAA9FF9, 0xAAAAAAAA, 0xAAAAAFA9, 0xA9FF9AAA, 0xAAAAAAA9, 0xAAAAAAAA,
    0xA9AAAAAA, 0xAAAAAAAA, 0xAAAAAAAA, 0xAAAAAAAA, 0xA99AAAAA, 0x9FF9AAAA, 0x9FF9AA99, 0xA99AA9AF,
    0xAAAAAA9A, 0xAAAAAAAA, 0xAAAAAAAA, 0xAAAAAAAA, 0xAAAAAAAA, 0xAAAAAAAA, 0xA99AAAAA, 0x9FFA9AAA,
    0xAAAAA9FF, 0xAAAA9999, 0xAA9AFFFA, 0xAAAAAFA9, 0xAAAA99AF, 0xAAAAAFAA, 0xAAA9FFF9, 0xAAAAAAAA,
    0x9FFFFAAA, 0xA99FF9AA, 0xAAA99AAA, 0xAAAAAAAA, 0xAAAAAAAA, 0xAAAAAAAA, 0xAAAAAAAA, 0xAAAAAAAA,
    0x04BBBBBB, 0xBBBBBBBB, 0xCCCCCCBC, 0xCCCCCCBC, 0xCCCCAABB, 0xAAAFFFAA, 0xFFFFFFFA, 0xAAA9AAAA,
    0xBBBBBBBB, 0xBBBBBBBB, 0xCBCCCCCC, 0xBBBCCCCC, 0xBBBAACCC, 0xAAAFFFAA, 0xFFAFFFFF, 0xAAAAAAAA,
    0xA9FFAAAA, 0xA9AFAAAA, 0xAA99AAAA, 0xAAAAAAAA, 0xAA9AAAAA, 0xAAAAAAAA, 0x9FFFAAAA, 0xAA9AAAAA,
    0xAA9AAAAA, 0xAAAAAAAA, 0xAAAA9AAA, 0xAA9AFAAA, 0xAAAAAAAA, 0xAAFFFF9A, 0xAAFFAAAA, 0xAAAAAAAA,
    0xAAAAAAAA, 0xAAAAAAAA, 0xAAAAAAAA, 0xAAAAAAAA, 0xAAAAAAAA, 0xAAAAAAAA, 0xAAAAAAAF, 0xAAAAAAAA,
    0xAAAAAAAA, 0xAAAAAAAA, 0xAAAAA9AA, 0xAAAAAAAA, 0xAAAAAFAA, 0xAAAAA99A, 0xAAAAAAFA, 0x9AAAAAAA,
    0xAAAAAAAA, 0xA9FF9A9A, 0xAAAAAAA9, 0xAA9AA9AA, 0xAAAAAFAA, 0xAAAAAAAA, 0xAAAAAAAA, 0xAAAAAAAA,
    0xF9FF9A9A, 0xFAAFF9AA, 0x9A9FAAAA, 0xAAA9AAAA, 0xAAAAAAAA, 0xAAAAAAAA, 0xAAAAAAAA, 0xAAAAAAAA,
    0xBBBBBBBB, 0xBBBBBBBB, 0xCCCCCCCC, 0xCCBBCCCC, 0xCCBBBCAA, 0xFAAAAFFF, 0xAFFFFAAF, 0xAFFAAAA9,
    0xBBBBBB40, 0xBBBBBBBB, 0xCCCCCCCC, 0xCCCCBCCC, 0xCCCCBACC, 0xFAAAAFFA, 0xFFFFFFFF, 0xAAAAAAAA,
    0xAA9AAA9F, 0xAAAAAAAA, 0xAAAAAAAA, 0xAAAAAAAA, 0xAAAAAAAA, 0xAAAAAAAA, 0x00000000, 0x00000000,
    0xF9AAAAAA, 0xA9AAAAAA, 0xFF9AAAAA, 0xFF9AAAAA, 0x99AAAAAA, 0x9F99AAAA, 0x00000000, 0x00000000,
    0xAAAAAAAA, 0xA9AAAAAA, 0xAAAAAAAA, 0xAAAAAA9A, 0xAAAAAAFA, 0xAA9AAAAA, 0xAAAA9A9A, 0xAA9AFA9A,
    0xAAAAAAAA, 0xAAAAAAAA, 0xAAAAAAAA, 0xAAAAAAAA, 0xAAAAAAAA, 0xAAAAAA9A, 0xAAAAAAFA, 0xAAAAAAAA,
    0xAAAAFA9A, 0xAAAA9AAA, 0xAAAAAAAA, 0xAAAAAAAA, 0xAAAAAAAA, 0xAAAAA9FF, 0x00000000, 0x00000000,
    0xFAAAAA9A, 0xAAAAAAAA, 0xAAAAAAAA, 0x9FFAAAAA, 0x9AAAAAAA, 0xAAAAAAAA, 0x00000000, 0x00000000,
    0xBBBBBBBB, 0xBBBBBBBB, 0xCCCBBCCC, 0xCCCBBCCC, 0xCACBBCCC, 0xFFFAAAFF, 0xAFFFFFAF, 0xAAAAAFAA,
    0xBBBBBBBB, 0xBBBBBBBB, 0xCCCCCCCC, 0xBCCCCBCC, 0xBCCCCBBA, 0xAFFAFFAF, 0xFFFFFFFA, 0xAAAAAAAA,
    0xAAAAAAAA, 0xAAAFF9A9, 0xAAAFFAAA, 0xAAA9AAAA, 0xA9AFA9A9, 0xA99F99AA, 0x000F0000, 0x00000000,
    0xAAAAAAAA, 0xAAAAAAAA, 0xAAAFFFAA, 0xAAAAA9AA, 0xAAA99AAA, 0xAAAAAAAA, 0x00000000, 0x00000000,
    0xAAAAAAAA, 0xAAAAAAAA, 0xAAAAAAAA, 0xAAAAAAA9, 0xAAA9AA9F, 0xAAAAAA9F, 0xA9FFA9FF, 0xAAAAAAAA,
    0xAAAAAAAA, 0xAAAAAAAA, 0xAAAAAAAA, 0x9AAAAAAA, 0xFAAAAAAA, 0xF9FF9FAA, 0x9FAAAAAA, 0xAAAAAAAA,
    0xAAAAAAAA, 0xAAAAAAAA, 0xAAAAAAAA, 0xAAAAAAAA, 0xAAAAAAAA, 0xAAAAAAAA, 0x00000000, 0x00000000,
    0xA9AAAFAA, 0xAAAAA9AA, 0xAAFA9AAA, 0xAAAAAAAA, 0xAAAAAAAA, 0xAAA999AA, 0x0000000F, 0x00000000,
    0xBBBBBBBB, 0xBBBBBBBB, 0xCCCCCCCB, 0xCCCCCBBB, 0xCCAACBBB, 0xAFFFFAAA, 0xFFFFFFFF, 0xAAAAAAAA,
    0xBBBBBB40, 0xBBBBBBBB, 0xCCBCCCCC, 0xCBBCCCCC, 0xCBBCCCCC, 0xFFAFAFAA, 0xFFFFFAFF, 0xAAAAAAAA,
    0xAAAAAAAA, 0xAAAAAAA9, 0xAAAA9AF9, 0xAAAAAAFF, 0xAAAAAA99, 0xAAAAAAAF, 0xA9AAAA9F, 0xAAAAAAAA,
    0xAFAAAAAA, 0xAAAAAAAA, 0x9AFA9AF9, 0xA9FFAAAA, 0xA9FFA9AA, 0xFAAAAAAA, 0xF9AAAAAA, 0xAAAAAAAA,
    0xA9AAA9AA, 0xAAAAAAAA, 0xAAAAAAAA, 0xAAAAAAAA, 0xAAAFF9AA, 0xAAAAAAAA, 0xAAAAAAAA, 0xAAAAAAAA,
    0xAAAAAAAA, 0xAAAAAAAA, 0xAAAAAAAA, 0xAAAAAAAA, 0xAAAAAAAA, 0xAAAAAAAA, 0xAAAAA9AA, 0xAAAAAAAA,
    0xAAAAA9AA, 0xAAAAAFA9, 0xAAA9FF9F, 0xAAAAFF9F, 0xAAAA99FF, 0xAAAAFAFF, 0xAAAAFA99, 0xAAAAAAAA,
    0xAAA9FFAA, 0x9AAAA9AA, 0xF9A9AAAA, 0xF9AFAAAA, 0x9AAFAAAA, 0xAAA9AAAA, 0xAAAAAAAA, 0xAAAAAAAA,
    0xBBBBBBBB, 0xBBBBBBBB, 0xCCCCCCCB, 0xCCBBCCCB, 0xCBBBAABB, 0xAAAAFFFA, 0xFFFFFFFF, 0xAAAAAFAA,
    0xBBBBBBBB, 0xBBBBBBBB, 0xCCCCCCCC, 0xCCCCCCCC, 0xCCCBBCCC, 0xAAFAAFAA, 0xFFFFFAFF, 0xAAAAFAAA,
    0xAAAAFAAA, 0xAAAAAAAA, 0xAAAA9AAA, 0xAAAAAAAA, 0xAAAAAAAA, 0xAFF9AFAA, 0x9AA9AAA9, 0xAAAAAAAA,
    0xFA9A9AAA, 0x9AAAAAAA, 0xAAAAAAAA, 0xA99AAAAA, 0xAFF9AAAA, 0x9FF9AAAA, 0x99A9AAAA, 0xAAAAAAAA,
    0xAAAAAAAA, 0xAAAAAAAA, 0xAAAAAAAA, 0xAAAAAAAA, 0xAAAAA9AA, 0xAAA9AAAA, 0xAAAAAFAA, 0xAAAFA9AA,
    0xAAAAAAAA, 0xAAAAAAAA, 0xAAAAAAAA, 0xAAAAAAAA, 0xAAAAAF9F, 0xAFAAAAAA, 0xAAAAA9A9, 0xAAAAAAAA,
    0xAAA9AAAA, 0xAAAFAAAA, 0xAAAFAAAA, 0xAAA9AAAA, 0xFFFAAAAA, 0xAAFAAAAA, 0xA99AAAAA, 0xAAAAAAAA,
    0x03333333, 0x33333333, 0x65656555, 0x99999999, 0x9999FA99, 0xAAAAAAAA, 0x00000000, 0x00000000,
    0x33333330, 0x33333333, 0x56565556, 0x99999999, 0x999FA99A, 0xAAAAAAAA, 0x00000000, 0x00000000,
    0x00000000, 0x00000000, 0x00000000, 0x00000000, 0x00000000, 0x00000000, 0x00000000, 0x00000000,
    0x00000000, 0x00000000, 0x00000000, 0x00000000, 0x00000000, 0x00000000, 0x000000DC, 0x0000DDD3,
    0x00000000, 0x00000000, 0x00000000, 0x00000000, 0x00000000, 0x00000000, 0xCC000000, 0x3DD00000,
    0x0000DDDC, 0x00DC3BCC, 0x0CDC3BCC, 0x0DDDCCCC, 0x0DDDDDDD, 0x0CDDDDDD, 0x00DDDDDD, 0x00000D00,
    0xBCBDD000, 0xDB3BDD00, 0xCCBCDD00, 0xCCCDDDC0, 0xDDDDDD00, 0xDDDDDD00, 0xDDDDC000, 0x00000000,
    0x00000000, 0x00000000, 0x00000000, 0x00000000, 0x00000000, 0x00000011, 0x00000112, 0x00001122,
    0x00000000, 0x00000000, 0x00000000, 0x00000000, 0x00000000, 0x11100000, 0x21112000, 0x21244000,
    0x00012121, 0x00014444, 0x0004444E, 0x00044EEE, 0x0004EEEE, 0x000EEEEE, 0x00000000, 0x00000000,
    0x12444000, 0x44444400, 0xEE444400, 0xEEE44100, 0xEEEE4000, 0xEEEE4000, 0x00000000, 0x00000000,
    0x00000000, 0x00000000, 0x00000000, 0x00000000, 0x00000003, 0x00000033, 0x00077733, 0x00073733,
    0x00000000, 0x00000000, 0x00000000, 0x00000000, 0x30000000, 0x33000000, 0x13000000, 0x30422000,
    0x00071300, 0x00077700, 0x0000B000, 0x0000B000, 0x0000B000, 0x0000B000, 0x00000000, 0x00000000,
    0x00212200, 0x00222000, 0x00040000, 0x00000000, 0x000B0000, 0x000B0000, 0x00000000, 0x00000000,
    0x00000000, 0x00012211, 0x00222221, 0x02222222, 0x22222222, 0x22222222, 0x22222222, 0x22222222,
    0x00000000, 0x00000000, 0x00000000, 0x20000000, 0x22000000, 0x22000000, 0x22000000, 0x22000000,
    0x00000000, 0x00000000, 0x00000000, 0x00000000, 0x00005555, 0x00055666, 0x00546666, 0x00566666,
    0x00000000, 0x00000000, 0x00000000, 0x00000000, 0x55555555, 0x66666666, 0x66666666, 0x66666666,
    0x00000000, 0x00000000, 0x00000000, 0x00000000, 0x55555554, 0x66666646, 0x66666666, 0x66666666,
    0x22222222, 0x22222222, 0x22222222, 0x22222222, 0x22222222, 0x72222222, 0x67777777, 0x66666666,
    0x22000000, 0x22000000, 0x22000000, 0x22000000, 0x22000000, 0x22500000, 0x76650000, 0x66640000,
    0x00566666, 0x00566666, 0x00646666, 0x00846666, 0x00B87666, 0x00ABBBBB, 0x00BBBBBB, 0x00BBBBBB,
    0x66666666, 0x66666666, 0x66666666, 0x66666666, 0x66666666, 0xBBBBBBBB, 0xBBBBBBBB, 0xBBBBBBBB,
    0x66640000, 0x66640000, 0x66640000, 0x66470000, 0x668B0000, 0xBBBB0000, 0xBBBB0000, 0xBBBB0000,
    0x00BBBBBB, 0x00BBBBBB, 0x00BBBBBB, 0x00BBBBBB, 0x00BBBBBB, 0x00BBBBBB, 0x00BBBBBB, 0x00AAB92B,
    0xBBBBBBBB, 0xBBBBBBBB, 0xBBBBBBBB, 0xBBBBBBBB, 0xBBBBBBBB, 0xBBBBBBBB, 0xBBBBBBBB, 0xBBBBBBBB,
    0xBBBBBBBB, 0xBBBBBBBB, 0xBBBBBBBB, 0xBBBBBBBC, 0xBBBBBBCC, 0xBBBBBCC9, 0xBBBBCC71, 0xBBBCC911,
    0xBBBBBBBB, 0xBBBBBBBB, 0xBCCCCCCB, 0xCCCCCCCC, 0xC943349B, 0x33333333, 0x11333333, 0x11133333,
    0xBBBBBBBB, 0xBBBBBBBB, 0xBBBBBBBB, 0xCBBBBBBB, 0xCCCBBBBB, 0x7CCCBBBB, 0x34CCBBBB, 0x337CCBBB,
    0xBBBB0000, 0xBBBB0000, 0xBBBB0000, 0xBBBB0000, 0xBBBB0000, 0xBBBB0000, 0xBBBB0000, 0xBBBB0000,
    0x00000000, 0x00000000, 0x00000022, 0x00002222, 0x02222222, 0x22222EFF, 0x222EFFFF, 0x22EFFFFF,
    0x00B9222B, 0x0222222B, 0x2222EE2B, 0x22EFFE2B, 0xEFFFFE2B, 0xFFFFFE2B, 0xFFFFFE2B, 0xFFFFFE2B,
    0xBBBCC331, 0xBBCC9333, 0xBBCC4333, 0xBBCC3333, 0xBBCC3333, 0xBBCC4333, 0xBBCC9333, 0xBBBCB333,
    0x11133333, 0x11133333, 0x33333333, 0x33333333, 0x33333333, 0x33333333, 0x33333333, 0x33333333,
    0x333BCBBB, 0x3337CCBB, 0x3333CCBB, 0x3333CCBB, 0x3333CCBB, 0x3333CCBB, 0x3337CCBB, 0x333BCBBB,
    0x22EFFFFF, 0x22EFFFFF, 0x22EFFFFF, 0x22EFFFFF, 0x22EFFFFF, 0x22EFFFFF, 0x22EFFFFF, 0x22EFFFFF,
    0xFFFFFE2B, 0xFFFFFE2B, 0xFFFFFE2B, 0xFFFFFE2B, 0xFFFFFE2B, 0xFFFFFE2B, 0xFFFFFE2B, 0xFFFFFE2B,
    0xBBBCC933, 0xBBBBCC43, 0xBBBBCCC7, 0xBBBBBCCC, 0xBBBBBBBC, 0xBBBBBBBB, 0xBBBBBBBB, 0xBBBBBBBB,
    0x33333333, 0x33333333, 0x33333333, 0xB733337B, 0xCCCCCCCC, 0xBCCCCCCB, 0xBBBBBBBB, 0xBBBBBBBB,
    0x337CCBBB, 0x33CCBBBB, 0x7CCCBBBB, 0xCCCBBBBB, 0xCBBBBBBB, 0xBBBBBBBB, 0xBBBBBBBB, 0xBBBBBBBB,
    0xBBBBBBBB, 0xBBBBBBBB, 0xBBBBBBBB, 0xBBBBBBBB, 0xBBBBBBBB, 0xBBBBBBBB, 0xBBBBBBBB, 0xB2222222,
    0xBBBB0000, 0xBBBB0000, 0xBBBB0000, 0xBBBB0000, 0xBBBB0000, 0xBBBA0000, 0xBBBB0000, 0x22222220,
    0x22EFFFFF, 0x22EFFFFF, 0x22EFFFFF, 0x22EFFFFF, 0x22EFFFFF, 0x22EFFFFF, 0x22222222, 0x22222222,
    0xFFFFFE2B, 0xFFFFFE2B, 0xFFFFFE2B, 0xFFFFFE2B, 0xFFFFFE2B, 0xFFFFFE2B, 0xEEEFFE2C, 0x2222222C,
    0xBBBBBBBB, 0xBBBBBBBB, 0xBBBBBBBB, 0xBBCCBBBB, 0xBCCCCBBC, 0xBCCCCBBC, 0xCCCCCCCC, 0xCCCCCCCC,
    0xBBBBBBBB, 0xBBBBBBBB, 0xBBBBBBBB, 0xCBBBBCCB, 0xCCBBCCCC, 0xCCBBCCCC, 0xCCCCCCCC, 0xCCCCCCCC,
    0xBBBBBBBB, 0xBBBBBBBB, 0xBBBBBBBB, 0xBBBBBBBB, 0xBBBBBBBB, 0xBBBBBBBB, 0xCCCCCCCC, 0xCCCCCCCC,
    0xB2222222, 0xA2222222, 0xB9222222, 0xB9222222, 0xBB222222, 0xBB222222, 0xCC222222, 0xCC222222,
    0x22222220, 0x22222220, 0x22222220, 0x22222220, 0x22222220, 0x22222220, 0x22222220, 0x22222220,
    0x00022222, 0x00000000, 0x00000000, 0x00000000, 0x00000000, 0x00000000, 0x00000000, 0x00000000,
    0x2222222C, 0x00E2222C, 0x00CCCCCC, 0x00CCCCCC, 0x00BCCCCC, 0x000BCCCC, 0x00000000, 0x00000000,
    0xCCCCCCCC, 0xCCCCCCCC, 0xCCCCCCCC, 0xCCCCCCCC, 0xCCCCCCCC, 0xCCCCCCCC, 0x00000000, 0x00000000,
    0xCCC22222, 0xCCC22222, 0xCCC22222, 0xCCCCCCCC, 0xCCCCCCCC, 0xCCCCCCCC, 0x00000000, 0x00000000,
    0x22222220, 0x22222220, 0x22222220, 0xCCCC0000, 0xCCCB0000, 0xCCB00000, 0x00000000, 0x00000000,
    0x00000000, 0x00000000, 0x00000000, 0x05333339, 0x09333339, 0x09553559, 0x09895599, 0x09598559,
    0x09999996, 0x09999999, 0x09599999, 0x09899999, 0x09899999, 0x09555559, 0x00555559, 0x00000000,
    0x00000000, 0x00000000, 0x00000000, 0x33333500, 0x33333530, 0x55555930, 0x99999950, 0x99999950,
    0x99999960, 0x59999960, 0x95589950, 0x99555950, 0x99955950, 0x55555950, 0x55555600, 0x00000000,
    0x00122222, 0x02141111, 0x01335555, 0x02119999, 0x04216666, 0x02444444, 0x0EEEEEEE, 0x00000000,
    0x22222220, 0x11111111, 0x55555555, 0x99999999, 0x66666666, 0x44444442, 0xEEEEEEEE, 0x00000000,
    0x01222222, 0x31113111, 0x55553555, 0x99996399, 0x66666166, 0x24442444, 0xEEEEEEEE, 0x00000000,
    0x22222220, 0x11311111, 0x55355555, 0x99639999, 0x66616666, 0x44244442, 0xEEEEEEEE, 0x00000000,
    0x01222222, 0x31113111, 0x55553555, 0x99996399, 0x66666166, 0x24442444, 0xEEEEEEEE, 0x00000000,
    0x22222220, 0x11311111, 0x55355555, 0x99639999, 0x66616666, 0x44244442, 0xEEEEEEEE, 0x00000000,
    0x01222222, 0x31111111, 0x55555555, 0x99999999, 0x66666666, 0x24444444, 0xEEEEEEEE, 0x00000000,
    0x22222100, 0x11114320, 0x55553310, 0x99991110, 0x66661240, 0x44444440, 0xEEEEEEE0, 0x00000000,
    0x00122222, 0x02141111, 0x01335555, 0x02119999, 0x04216666, 0x02444444, 0x0EEEEEEE, 0x00000000,
    0x22222220, 0x11111111, 0x55555555, 0x99999999, 0x66666666, 0x44444442, 0xEEEEEEEE, 0x00000000,
    0x01222222, 0x31113111, 0x55553555, 0x99996399, 0x66666166, 0x24442444, 0xEEEEEEEE, 0x00000000,
    0x22222220, 0x11311111, 0x55355555, 0x99639999, 0x66616666, 0x44244442, 0xEEEEEEEE, 0x00000000,
    0x01222222, 0x31113111, 0x55553555, 0x99996399, 0x66666166, 0x24442444, 0xEEEEEEEE, 0x00000000,
    0x22222220, 0x11311111, 0x55355555, 0x99639999, 0x66616666, 0x44244442, 0xEEEEEEEE, 0x00000000,
    0x01222222, 0x31113111, 0x55553555, 0x99996399, 0x66666166, 0x24442444, 0xEEEEEEEE, 0x00000000,
    0x22222220, 0x11311111, 0x55355555, 0x99639999, 0x66616666, 0x44244442, 0xEEEEEEEE, 0x00000000,
    0x01222222, 0x31111111, 0x55555555, 0x99999999, 0x66666666, 0x24444444, 0xEEEEEEEE, 0x00000000,
    0x22222100, 0x11114320, 0x55553310, 0x99991110, 0x66661240, 0x44444440, 0xEEEEEEE0, 0x00000000,
    0x00000000, 0x00000000, 0x00000000, 0x00000000, 0x00000000, 0x00000000, 0x00000000, 0x00000000,
    0x00000000, 0x00000000, 0x00000000, 0x00000000, 0x00000000, 0x00000000, 0x00000000, 0x00000000,
    0x00000000, 0x00000000, 0x00000000, 0x00000000, 0x00000000, 0x00000000, 0x00000000, 0x00000000,
    0x00000000, 0x00000000, 0x00000000, 0x00000000, 0x00000000, 0x00000000, 0x00000000, 0x00000000,
    0x00000000, 0x00000000, 0x00000000, 0x00000000, 0x00000000, 0x00000000, 0x00000000, 0x00000000,
    0x00000036, 0x00006666, 0x00006666, 0x00006666, 0x00007877, 0x00088899, 0x0008AAAA, 0x00004777,
    0x00003444, 0x00094444, 0x000C4222, 0x00CC4222, 0x000CB222, 0x000CC422, 0x00DDDDD9, 0x000CDCCC,
    0x000DDDDD, 0x000DDDDD, 0x000DDDDD, 0x000DDDDD, 0x00000000, 0x00000000, 0x00000000, 0x00000000,
    0x00000000, 0x00000000, 0x00000000, 0x00000000, 0x00000000, 0x00000000, 0x00000000, 0x00000000,
    0x67000000, 0x66780000, 0x66788000, 0x66888000, 0x78870002, 0xA9888002, 0xA99A8000, 0x7D770000,
    0x4DB77098, 0x43227990, 0x22479900, 0x23797000, 0x22440000, 0x23B90000, 0x69DD0000, 0x9C900000,
    0xDDD00000, 0xDDD00000, 0xDDD00000, 0xDD000000, 0x00000000, 0x00000000, 0x00000000, 0x00000000,
    0x00000000, 0x00000000, 0x00000000, 0x00000000, 0x00000000, 0x00000000, 0x00000000, 0x00000000,
    0x00000000, 0x00000000, 0x00550000, 0x05555000, 0x55555000, 0x25555500, 0x25555550, 0x72555550,
    0x92255200, 0x00220000, 0x00000000, 0x00000000, 0x00000000, 0x00000000, 0x00000000, 0x00000000,
    0x00000000, 0x00000000, 0x00000000, 0x00000000, 0x00000000, 0x00000000, 0x00000000, 0x00000000,
    0x00000000, 0x00000000, 0x00000000, 0x00000000, 0x00000000, 0x00000000, 0x00000000, 0x00000000,
    0x00000000, 0x00000000, 0x00000000, 0x00000000, 0x00000000, 0x00000000, 0x00000000, 0x00000000,
    0x00000000, 0x00000000, 0x00000000, 0x00000000, 0x00000000, 0x00000000, 0x00000000, 0x00000000,
    0x00000000, 0x00000000, 0x00000000, 0x00000000, 0x00000000, 0x00000000, 0x00000000, 0x00000000,
    0x00000000, 0x00000000, 0x00000000, 0x00000000, 0x00000000, 0x00000000, 0x00000000, 0x00000000,
    0x00000036, 0x00006666, 0x00006666, 0x00006666, 0x00007877, 0x00088899, 0x0008AAAA, 0x00004777,
    0x00003444, 0x00094444, 0x000C4222, 0x00CC4222, 0x000CB222, 0x000CC422, 0x00DDDDD9, 0x000CDCCC,
    0x000DDDDD, 0x000DDDDD, 0x000DDDDD, 0x000DDDDD, 0x00000000, 0x00000000, 0x00000000, 0x00000000,
    0x00000000, 0x00000000, 0x00000000, 0x00000000, 0x00000000, 0x00000000, 0x00000000, 0x00000000,
    0x67000000, 0x66780000, 0x66788000, 0x66888000, 0x78870002, 0xA9888002, 0xA99A8000, 0x7D770000,
    0x4DB77098, 0x43227990, 0x22479900, 0x23797000, 0x22440000, 0x23B90000, 0x69DD0000, 0x9C900000,
    0xDDD00000, 0xDDD00000, 0xDDD00000, 0xDD000000, 0x00000000, 0x00000000, 0x00000000, 0x00000000,
    0x00000000, 0x00000000, 0x00000000, 0x00000000, 0x00000000, 0x00000000, 0x00000000, 0x00000000,
    0x00000000, 0x00000000, 0x00550000, 0x05555000, 0x55555000, 0x25555500, 0x25555550, 0x72555550,
    0x92255200, 0x00220000, 0x00000000, 0x00000000, 0x00000000, 0x00000000, 0x00000000, 0x00000000,
    0x00000000, 0x00000000, 0x00000000, 0x00000000, 0x00000000, 0x00000000, 0x00000000, 0x00000000,
    0x00000000, 0x00000000, 0x00000000, 0x00000000, 0x00000000, 0x00000000, 0x00000000, 0x00000000,
    0x00000000, 0x00000000, 0x00000000, 0x00000000, 0x00000000, 0x00000000, 0x00000000, 0x00000000,
    0x00000000, 0x00000000, 0x00000000, 0x00000000, 0x00000000, 0x00000000, 0x00000000, 0x00000000,
    0x00000000, 0x00000000, 0x00000000, 0x00000000, 0x00000000, 0x00000000, 0x00000000, 0x00000000,
    0x00000000, 0x00000000, 0x00000000, 0x00000000, 0x00000000, 0x00000000, 0x00000000, 0x00000000,
    0x00000036, 0x00006666, 0x00006666, 0x00006666, 0x00007877, 0x00088899, 0x0008AAAA, 0x00004777,
    0x00003444, 0x00094444, 0x000C4222, 0x00CC4222, 0x000CB222, 0x000CC422, 0x00DDDDD9, 0x000CDCCC,
    0x000DDDDD, 0x000DDDDD, 0x000DDDDD, 0x000DDDDD, 0x00000000, 0x00000000, 0x00000000, 0x00000000,
    0x00000000, 0x00000000, 0x00000000, 0x00000000, 0x00000000, 0x00000000, 0x00000000, 0x00000000,
    0x67000000, 0x66780000, 0x66788000, 0x66888000, 0x78870002, 0xA9888002, 0xA99A8000, 0x7D770000,
    0x4DB77098, 0x43227990, 0x22479900, 0x23797000, 0x22440000, 0x23B90000, 0x69DD0000, 0x9C900000,
    0xDDD00000, 0xDDD00000, 0xDDD00000, 0xDD000000, 0x00000000, 0x00000000, 0x00000000, 0x00000000,
    0x00000000, 0x00000000, 0x00000000, 0x00000000, 0x00000000, 0x00000000, 0x00000000, 0x00000000,
    0x00000000, 0x00000000, 0x00550000, 0x05555000, 0x55555000, 0x25555500, 0x25555550, 0x72555550,
    0x92255200, 0x00220000, 0x00000000, 0x00000000, 0x00000000, 0x00000000, 0x00000000, 0x00000000,
    0x00000000, 0x00000000, 0x00000000, 0x00000000, 0x00000000, 0x00000000, 0x00000000, 0x00000000,
    0x00000000, 0x00000000, 0x00000000, 0x00000000, 0x00000000, 0x00000000, 0x00000000, 0x00000000,
    0x00000000, 0x00000000, 0x00000000, 0x00000000, 0x00000000, 0x00000000, 0x00000000, 0x00000000,
    0x00000000, 0x00000000, 0x00000000, 0x00000000, 0x00000000, 0x00000000, 0x00000000, 0x00000000,
    0x00000000, 0x00000000, 0x00000000, 0x00000000, 0x00000000, 0x00000000, 0x00000000, 0x00000000,
    0x00000000, 0x00000000, 0x00000000, 0x00000000, 0x00000000, 0x00000000, 0x00000000, 0x00000006,
    0x00000666, 0x00006666, 0x00086666, 0x00008666, 0x00007888, 0x0008AAAA, 0x00008788, 0x00003444,
    0x00094444, 0x000C4222, 0x00CC4222, 0x000CB222, 0x000C9222, 0x00DDDDB7, 0x000CDDEC, 0x0000DDDD,
    0x0000DDDD, 0x0000DDDD, 0x00000DDD, 0x000000DD, 0x00000000, 0x00000000, 0x00000000, 0x00000000,
    0x00000000, 0x00000000, 0x00000000, 0x00000000, 0x00000000, 0x00000000, 0x00000000, 0x60000000,
    0x66870000, 0x66780000, 0x66888000, 0x68880000, 0x88870002, 0xAAAA8000, 0x79870000, 0x4DB70009,
    0x4B447788, 0x22349980, 0x227C9000, 0x23770000, 0x22770000, 0x37DD0000, 0x89C00000, 0xD0000000,
    0xD0000000, 0xD0000000, 0xDD000000, 0xD0000000, 0x00000000, 0x00000000, 0x00000000, 0x00000000,
    0x00000000, 0x00000000, 0x00000000, 0x00000000, 0x00000000, 0x00000000, 0x00000000, 0x00000000,
    0x00000000, 0x00050000, 0x05552000, 0x55555000, 0x55555500, 0x25555500, 0x32555550, 0x92555500,
    0x00255000, 0x00200000, 0x00000000, 0x00000000, 0x00000000, 0x00000000, 0x00000000, 0x00000000,
    0x00000000, 0x00000000, 0x00000000, 0x00000000, 0x00000000, 0x00000000, 0x00000000, 0x00000000,
    0x00000000, 0x00000000, 0x00000000, 0x00000000, 0x00000000, 0x00000000, 0x00000000, 0x00000000,
    0x00000000, 0x00000000, 0x00000000, 0x00000000, 0x00000000, 0x00000000, 0x00000000, 0x00000000,
    0x00000000, 0x00000000, 0x00000000, 0x00000000, 0x00000000, 0x00000000, 0x00000000, 0x00000000,
    0x00000000, 0x00000000, 0x00000000, 0x00000000, 0x00000000, 0x00000000, 0x00000000, 0x00000000,
    0x00000000, 0x00000000, 0x00000000, 0x00000000, 0x00000000, 0x00000000, 0x00000000, 0x00000006,
    0x00000666, 0x00006666, 0x00086666, 0x00008666, 0x00007888, 0x0008AAAA, 0x00008788, 0x00003444,
    0x00094444, 0x000C4222, 0x00CC4222, 0x000CB222, 0x000C9222, 0x00DDDDB7, 0x000CDDEC, 0x0000DDDD,
    0x0000DDDD, 0x0000DDDD, 0x00000DDD, 0x000000DD, 0x00000000, 0x00000000, 0x00000000, 0x00000000,
    0x00000000, 0x00000000, 0x00000000, 0x00000000, 0x00000000, 0x00000000, 0x00000000, 0x60000000,
    0x66870000, 0x66780000, 0x66888000, 0x68880000, 0x88870002, 0xAAAA8000, 0x79870000, 0x4DB70009,
    0x4B447788, 0x22349980, 0x227C9000, 0x23770000, 0x22770000, 0x37DD0000, 0x89C00000, 0xD0000000,
    0xD0000000, 0xD0000000, 0xDD000000, 0xD0000000, 0x00000000, 0x00000000, 0x00000000, 0x00000000,
    0x00000000, 0x00000000, 0x00000000, 0x00000000, 0x00000000, 0x00000000, 0x00000000, 0x00000000,
    0x00000000, 0x00050000, 0x05552000, 0x55555000, 0x55555500, 0x25555500, 0x32555550, 0x92555500,
    0x00255000, 0x00200000, 0x00000000, 0x00000000, 0x00000000, 0x00000000, 0x00000000, 0x00000000,
    0x00000000, 0x00000000, 0x00000000, 0x00000000, 0x00000000, 0x00000000, 0x00000000, 0x00000000,
    0x00000000, 0x00000000, 0x00000000, 0x00000000, 0x00000000, 0x00000000, 0x00000000, 0x00000000,
    0x00000000, 0x00000000, 0x00000000, 0x00000000, 0x00000000, 0x00000000, 0x00000000, 0x00000000,
    0x00000000, 0x00000000, 0x00000000, 0x00000000, 0x00000000, 0x00000000, 0x00000000, 0x00000000,
    0x00000000, 0x00000000, 0x00000000, 0x00000000, 0x00000000, 0x00000000, 0x00000000, 0x00000000,
    0x00000000, 0x00000000, 0x00000000, 0x00000000, 0x00000000, 0x00000000, 0x00000000, 0x00000000,
    0x00000036, 0x00006666, 0x00006666, 0x00006666, 0x00007877, 0x00088899, 0x0008AAAA, 0x00004777,
    0x00003444, 0x00094444, 0x000C4222, 0x00CC4222, 0x000CB222, 0x000CC422, 0x00DDDDD9, 0x000CDCCC,
    0x000DDDDD, 0x000DDDDD, 0x000DDDDD, 0x000DDDDD, 0x00000000, 0x00000000, 0x00000000, 0x00000000,
    0x00000000, 0x00000000, 0x00000000, 0x00000000, 0x00000000, 0x00000000, 0x00000000, 0x00000000,
    0x67000000, 0x66780000, 0x66788000, 0x66888000, 0x78870002, 0xA9888002, 0xA99A8000, 0x7D770000,
    0x4DB77098, 0x43227990, 0x22479900, 0x23797000, 0x22440000, 0x23B90000, 0x69DD0000, 0x9C900000,
    0xDDD00000, 0xDDD00000, 0xDDD00000, 0xDD000000, 0x00000000, 0x00000000, 0x00000000, 0x00000000,
    0x00000000, 0x00000000, 0x00000000, 0x00000000, 0x00000000, 0x00000000, 0x00000000, 0x00000000,
    0x00000000, 0x00000000, 0x00550000, 0x05555000, 0x55555000, 0x25555500, 0x25555550, 0x72555550,
    0x92255200, 0x00220000, 0x00000000, 0x00000000, 0x00000000, 0x00000000, 0x00000000, 0x00000000,
    0x00000000, 0x00000000, 0x00000000, 0x00000000, 0x00000000, 0x00000000, 0x00000000, 0x00000000,
    0x00000000, 0x00000000, 0x00000000, 0x00000000, 0x00000000, 0x00000000, 0x00000000, 0x00000000,
    0x00000000, 0x00000000, 0x00000000, 0x00000000, 0x00000000, 0x00000000, 0x00000000, 0x00000000,
    0x00000000, 0x00000000, 0x00000000, 0x00000000, 0x00000000, 0x00000000, 0x00000000, 0x00000000,
    0x00000000, 0x00000000, 0x00000000, 0x00000000, 0x00000000, 0x00000000, 0x00000000, 0x00000000,
    0x00000000, 0x00000000, 0x00000000, 0x00000000, 0x00000000, 0x00000000, 0x00000000, 0x00000006,
    0x00000666, 0x00006666, 0x00086666, 0x00008666, 0x00007888, 0x0008AAAA, 0x00008788, 0x00003444,
    0x00094444, 0x000C4222, 0x00CC4222, 0x000CB222, 0x000C9222, 0x00DDDDB7, 0x0009CCEC, 0x0000C000,
    0x00DDD000, 0x00DDDD00, 0x00DDDD00, 0x00DDD000, 0x00000000, 0x00000000, 0x00000000, 0x00000000,
    0x00000000, 0x00000000, 0x00000000, 0x00000000, 0x00000000, 0x00000000, 0x00000000, 0x60000000,
    0x66870000, 0x66780000, 0x66888000, 0x68880000, 0x88870002, 0xAAAA8000, 0x79870000, 0x4DB70009,
    0x4B447788, 0x22349980, 0x227C9000, 0x23770000, 0x22770000, 0x37DD0000, 0x8CDD0000, 0xDDDD0000,
    0xDDDD0000, 0xDDDD0000, 0x0DD00000, 0x00000000, 0x00000000, 0x00000000, 0x00000000, 0x00000000,
    0x00000000, 0x00000000, 0x00000000, 0x00000000, 0x00000000, 0x00000000, 0x00000000, 0x00000000,
    0x00000000, 0x00050000, 0x05552000, 0x55555000, 0x55555500, 0x25555500, 0x32555550, 0x92555500,
    0x00255000, 0x00200000, 0x00000000, 0x00000000, 0x00000000, 0x00000000, 0x00000000, 0x00000000,
    0x00000000, 0x00000000, 0x00000000, 0x00000000, 0x00000000, 0x00000000, 0x00000000, 0x00000000,
    0x00000000, 0x00000000, 0x00000000, 0x00000000, 0x00000000, 0x00000000, 0x00000000, 0x00000000,
    0x00000000, 0x00000000, 0x00000000, 0x00000000, 0x00000000, 0x00000000, 0x00000000, 0x00000000,
    0x00000000, 0x00000000, 0x00000000, 0x00000000, 0x00000000, 0x00000000, 0x00000000, 0x00000000,
    0x00000000, 0x00000000, 0x00000000, 0x00000000, 0x00000000, 0x00000000, 0x00000000, 0x00000000,
    0x00000000, 0x00000000, 0x00000000, 0x00000000, 0x00000000, 0x00000000, 0x00000000, 0x00000006,
    0x00000666, 0x00006666, 0x00086666, 0x00008666, 0x00007888, 0x0008AAAA, 0x00008788, 0x00003444,
    0x00094444, 0x000C4222, 0x00CC4222, 0x000CB222, 0x000C9222, 0x00DDDDB7, 0x0009CCEC, 0x0000C000,
    0x00DDD000, 0x00DDDD00, 0x00DDDD00, 0x00DDD000, 0x00000000, 0x00000000, 0x00000000, 0x00000000,
    0x00000000, 0x00000000, 0x00000000, 0x00000000, 0x00000000, 0x00000000, 0x00000000, 0x60000000,
    0x66870000, 0x66780000, 0x66888000, 0x68880000, 0x88870002, 0xAAAA8000, 0x79870000, 0x4DB70009,
    0x4B447788, 0x22349980, 0x227C9000, 0x23770000, 0x22770000, 0x37DD0000, 0x8CDD0000, 0xDDDD0000,
    0xDDDD0000, 0xDDDD0000, 0x0DD00000, 0x00000000, 0x00000000, 0x00000000, 0x00000000, 0x00000000,
    0x00000000, 0x00000000, 0x00000000, 0x00000000, 0x00000000, 0x00000000, 0x00000000, 0x00000000,
    0x00000000, 0x00050000, 0x05552000, 0x55555000, 0x55555500, 0x25555500, 0x32555550, 0x92555500,
    0x00255000, 0x00200000, 0x00000000, 0x00000000, 0x00000000, 0x00000000, 0x00000000, 0x00000000,
    0x00000000, 0x00000000, 0x00000000, 0x00000000, 0x00000000, 0x00000000, 0x00000000, 0x00000000,
    0x00000000, 0x00000000, 0x00000000, 0x00000000, 0x00000000, 0x00000000, 0x00000000, 0x00000000,
    0x00000000, 0x0000000B, 0x0000000B, 0x000000BB, 0x000000BB, 0x00000BBB, 0x00005BBB, 0x00000BBB,
    0x0000000B, 0x00000000, 0x00000000, 0x00000000, 0x00000000, 0x00000000, 0x00000000, 0x00000000,
    0x00000000, 0x00000000, 0x00000000, 0x00000000, 0x00000000, 0x00000000, 0x00000000, 0x00000000,
    0x00000000, 0x00000000, 0x00000000, 0x00000000, 0x00000000, 0x00000000, 0x00000000, 0x00000000,
    0x00000036, 0xB0006666, 0xBBB76666, 0xBBBB8666, 0xBBBB8877, 0xBBB88899, 0xBBBAAAAA, 0xBBBA7777,
    0xBB004444, 0x50094444, 0x000C4222, 0x00CC4222, 0x000CB222, 0x000CC422, 0x00DDDDD9, 0x000CDCCC,
    0x000DDDDD, 0x000DDDDD, 0x000DDDDD, 0x000DDDDD, 0x00000000, 0x00000000, 0x00000000, 0x00000000,
    0x00000000, 0x00000000, 0x00000000, 0x00000000, 0x00000000, 0x00000000, 0x00000000, 0x00000000,
    0x67000000, 0x66780000, 0x66788000, 0x66888000, 0x78870000, 0xA9888000, 0xA99A8000, 0x7D770000,
    0x4DB77000, 0x43223000, 0x22432000, 0x23744000, 0x22440000, 0x23B90000, 0x69DD0000, 0x9C900000,
    0xDDD00000, 0xDDD00000, 0xDDD00000, 0xDD000000, 0x00000000, 0x00000000, 0x00000000, 0x00000000,
    0x00000000, 0x00000000, 0x00000000, 0x00000000, 0x00000000, 0x00000000, 0x00000000, 0x00000000,
    0x00000000, 0x00000000, 0x00000000, 0x00000000, 0x00000000, 0x00000000, 0x00000000, 0x00000000,
    0x00000000, 0x00000000, 0x00000000, 0x00000000, 0x00000000, 0x00000000, 0x00000000, 0x00000000,
    0x00000000, 0x00000000, 0x00000000, 0x00000000, 0x00000000, 0x00000000, 0x00000000, 0x00000000,
    0x00000000, 0x00000000, 0x00000000, 0x00000000, 0x00000000, 0x00000000, 0x00000000, 0x00000000,
    0x00000000, 0x00000000, 0x00000000, 0x00000000, 0x00000000, 0x00000000, 0x00000000, 0x00000000,
    0x00000000, 0x00000000, 0x00000000, 0x00000000, 0x00000000, 0x00000000, 0x00000000, 0x00000000,
    0x00000000, 0x00000000, 0x00000000, 0x00000000, 0x00000000, 0x00000000, 0x00000000, 0x00000000,
    0x00000000, 0x00000000, 0x00000000, 0x00000000, 0x00000000, 0x0000000B, 0x00000BBB, 0x00000BBB,
    0x00000B77, 0x00006666, 0x00006666, 0x00006666, 0x00007877, 0x00088899, 0x0008AAAA, 0x00004777,
    0x00003444, 0x00094444, 0x000C4222, 0x00CC4222, 0x000CB222, 0x000CC422, 0x00DDDDD9, 0x000CDCCC,
    0x000DDDDD, 0x000DDDDD, 0x000DDDDD, 0x000DDDDD, 0x00000000, 0x00000000, 0x00000000, 0x00000000,
    0x00000000, 0x00000000, 0x00000000, 0x00000000, 0x00000000, 0xBBBB0000, 0xBBBB0000, 0xBBBB0000,
    0x78BB0000, 0x6688B000, 0x66787000, 0x66888000, 0x78870000, 0xA9888000, 0xA99A8000, 0x7D770000,
    0x4DB77000, 0x43223000, 0x22432000, 0x23744000, 0x22440000, 0x23B90000, 0x69DD0000, 0x9C900000,
    0xDDD00000, 0xDDD00000, 0xDDD00000, 0xDD000000, 0x00000000, 0x00000000, 0x00000000, 0x00000000,
    0x00000000, 0x00000000, 0x00000000, 0x00000000, 0x00000000, 0x00000000, 0x00000000, 0x00000000,
    0x00000000, 0x00000000, 0x00000000, 0x00000000, 0x00000000, 0x00000000, 0x00000000, 0x00000000,
    0x00000000, 0x00000000, 0x00000000, 0x00000000, 0x00000000, 0x00000000, 0x00000000, 0x00000000,
    0x00000000, 0x00000000, 0x00000000, 0x00000000, 0x00000000, 0x00000000, 0x00000000, 0x00000000,
    0x00000000, 0x00000000, 0x00000000, 0x00000000, 0x00000000, 0x00000000, 0x00000000, 0x00000000,
    0x00000000, 0x00000000, 0x00000000, 0x00000000, 0x00000000, 0x00000000, 0x00000000, 0x00000000,
    0x00000000, 0x00000000, 0x00000000, 0x00000000, 0x00000000, 0x00000000, 0x00000000, 0x00000000,
    0x00000000, 0x00000000, 0x00000000, 0x00000000, 0x00000000, 0x00000000, 0x00000000, 0x00000000,
    0x00000000, 0x00000000, 0x00000000, 0x00000000, 0x00000000, 0x00000000, 0x00000000, 0x00000000,
    0x00000036, 0x00006666, 0x00006666, 0x00006666, 0x00007877, 0x00088899, 0x0008AAAA, 0x00004777,
    0x00003444, 0x00094444, 0x000C4222, 0x00CC4222, 0x000CB222, 0x000CC422, 0x00DDDDD9, 0x000CDCCC,
    0x000DDDDD, 0x000DDDDD, 0x000DDDDD, 0x000DDDDD, 0x00000000, 0x00000000, 0x00000000, 0x00000000,
    0x00000000, 0x00000000, 0x00000000, 0x00000000, 0x00000000, 0x00000000, 0x00000000, 0x00000000,
    0x67000000, 0x66780000, 0x66788000, 0x66888000, 0x78870000, 0xA9888000, 0xA99A8000, 0x7D770000,
    0x4DB77000, 0x43223000, 0x22432000, 0x23799000, 0x22499899, 0x24B90099, 0x69DD0000, 0x9C900000,
    0xDDD00000, 0xDDD00000, 0xDDD00000, 0xDD000000, 0x00000000, 0x00000000, 0x00000000, 0x00000000,
    0x00000000, 0x00000000, 0x00000000, 0x00000000, 0x00000000, 0x00000000, 0x00000000, 0x00000000,
    0x00000000, 0x00000000, 0x00000000, 0x00000000, 0x00000000, 0x00000000, 0x00000000, 0x00000000,
    0x00000000, 0x00000000, 0x00000000, 0x00025200, 0x00225555, 0x89255555, 0x07255555, 0x02255555,
    0x02555550, 0x02555550, 0x00025550, 0x00000000, 0x00000000, 0x00000000, 0x00000000, 0x00000000,
    0x00000000, 0x00000000, 0x00000000, 0x00000000, 0x00000000, 0x00000000, 0x00000000, 0x00000000,
    0x00000000, 0x00000000, 0x00000000, 0x00000000, 0x00000000, 0x00000000, 0x00000000, 0x00000000,
    0x00000000, 0x00000000, 0x00000000, 0x00000000, 0x00000000, 0x00000000, 0x00000000, 0x00000000,
    0x00000000, 0x00000000, 0x00000000, 0x00000000, 0x00000000, 0x00000000, 0x00000000, 0x00000000,
    0x00000000, 0x00000000, 0x00000000, 0x00000000, 0x00000000, 0x00000000, 0x00000000, 0x00000000,
    0x00000036, 0x00006666, 0x00006666, 0x00006666, 0x00007877, 0x00088899, 0x0008AAAA, 0x00004777,
    0x00003444, 0x00094444, 0x000C4222, 0x00CC4222, 0x000CB222, 0x000CC422, 0x00DDDDD9, 0x000CDCCC,
    0x000DDDDD, 0x000DDDDD, 0x000DDDDD, 0x000DDDDD, 0x00000000, 0x00000000, 0x00000000, 0x00000000,
    0x00000000, 0x00000000, 0x00000000, 0x00000000, 0x00000000, 0x00000000, 0x00000000, 0x00000005,
    0x67000055, 0x66780255, 0x66786555, 0x66883255, 0x78870022, 0xA9888094, 0xA99AA899, 0x7D770990,
    0x4DB79900, 0x432B9700, 0x22799000, 0x23797000, 0x22440000, 0x23B90000, 0x69DD0000, 0x9C900000,
    0xDDD00000, 0xDDD00000, 0xDDD00000, 0xDD000000, 0x00000000, 0x00000000, 0x00000000, 0x00000000,
    0x00000000, 0x00000000, 0x00000000, 0x00000000, 0x00000000, 0x00000000, 0x00000000, 0x50000000,
    0x55000000, 0x55520000, 0x55555000, 0x55555000, 0x55550000, 0x25550000, 0x02200000, 0x00000000,
    0x00000000, 0x00000000, 0x00000000, 0x00000000, 0x00000000, 0x00000000, 0x00000000, 0x00000000,
    0x00000000, 0x00000000, 0x00000000, 0x00000000, 0x00000000, 0x00000000, 0x00000000, 0x00000000,
    0x00000000, 0x00000000, 0x00000000, 0x00000000, 0x00000000, 0x00000000, 0x00000000, 0x00000000,
    0x00000000, 0x00000000, 0x00000000, 0x00000000, 0x00000000, 0x00000000, 0x00000000, 0x00000000,
    0x00000000, 0x00000000, 0x00000000, 0x00000000, 0x00000000, 0x00000000, 0x00000000, 0x00000000,
    0x00000000, 0x00000000, 0x00000000, 0x00000000, 0x00000000, 0x00000000, 0x00000000, 0x00000000,
    0x00000000, 0x00000000, 0x00000000, 0x00000000, 0x00000000, 0x00000000, 0x00000000, 0x00000066,
    0x00003666, 0x00006666, 0x00086666, 0x00007766, 0x00008888, 0x0008AAAA, 0x00007777, 0x00003344,
    0x00094444, 0x000C4222, 0x00CC4222, 0x000CB222, 0x000C9422, 0x00DDDDDB, 0x000DDDEC, 0x000DDDD0,
    0x000DDDD0, 0x000DDDDD, 0x0000000D, 0x0000000D, 0x00000000, 0x00000000, 0x00000000, 0x00000000,
    0x00000000, 0x00000000, 0x00000000, 0x00000000, 0x00000000, 0x00000000, 0x00000000, 0x68000000,
    0x66870000, 0x66780000, 0x66888000, 0x68870002, 0x88880002, 0xAAAA8000, 0x79770000, 0x4DB74009,
    0x44237888, 0x22349900, 0x237C9000, 0x23440000, 0x22B70000, 0x69DD0000, 0x88D00000, 0x00000000,
    0xDD000000, 0xDDD00000, 0xDDD00000, 0xDDD00000, 0x00000000, 0x00000000, 0x00000000, 0x00000000,
    0x00000000, 0x00000000, 0x00000000, 0x00000000, 0x00000000, 0x00000000, 0x00000000, 0x00000000,
    0x00000000, 0x00250000, 0x05552000, 0x55555000, 0x55555500, 0x25555520, 0x42555550, 0x92555500,
    0x00252000, 0x00000000, 0x00000000, 0x00000000, 0x00000000, 0x00000000, 0x00000000, 0x00000000,
    0x00000000, 0x00000000, 0x00000000, 0x00000000, 0x00000000, 0x00000000, 0x00000000, 0x00000000,
    0x00000000, 0x00000000, 0x00000000, 0x00000000, 0x00000000, 0x00000000, 0x00000000, 0x00000000,
    0x00000000, 0x00000000, 0x00000000, 0x00000000, 0x00000000, 0x00000000, 0x00000000, 0x00000000,
    0x00000000, 0x00000000, 0x00000000, 0x00000000, 0x00000000, 0x00000000, 0x00000000, 0x00000000,
    0x00000000, 0x00000000, 0x00000000, 0x00000000, 0x00000000, 0x00000000, 0x00000000, 0x00000000,
    0x00000000, 0x00000000, 0x00000000, 0x00000000, 0x00000000, 0x00000000, 0x00000000, 0x00000000,
    0x00000000, 0x00000666, 0x00006666, 0x00076666, 0x00008666, 0x00008888, 0x0008AAAA, 0x00088888,
    0x00003344, 0x00004444, 0x000C4222, 0x00CC4222, 0x000CB222, 0x000C9222, 0x00DDDDB4, 0x000CDDEC,
    0x0000D900, 0x000DDDDD, 0x000DDDDD, 0x000DDDDD, 0x0000DD0D, 0x00000000, 0x00000000, 0x00000000,
    0x00000000, 0x00000000, 0x00000000, 0x00000000, 0x00000000, 0x00000000, 0x00000000, 0x00000000,
    0x00000000, 0x66800000, 0x66780000, 0x66788000, 0x67880000, 0x88880002, 0xAAAA8000, 0x89888000,
    0x4DB70009, 0x4B444799, 0x22347980, 0x227C9000, 0x23774000, 0x22440000, 0x37DD0000, 0x89D00000,
    0x00000000, 0xDD000000, 0xDDD00000, 0xDDD00000, 0xDD000000, 0x00000000, 0x00000000, 0x00000000,
    0x00000000, 0x00000000, 0x00000000, 0x00000000, 0x00000000, 0x00000000, 0x00000000, 0x00000000,
    0x00000000, 0x00000000, 0x00020000, 0x02550000, 0x55555000, 0x55555500, 0x25555500, 0x22555550,
    0x92555520, 0x00255000, 0x00220000, 0x00000000, 0x00000000, 0x00000000, 0x00000000, 0x00000000,
    0x00000000, 0x00000000, 0x00000000, 0x00000000, 0x00000000, 0x00000000, 0x00000000, 0x00000000,
    0x00000000, 0x00000000, 0x00000000, 0x00000000, 0x00000000, 0x00000000, 0x00000000, 0x00000000,
    0x00000000, 0x00000000, 0x00000000, 0x00000000, 0x00000000, 0x00000000, 0x00000000, 0x00000000,
    0x00000000, 0x00000000, 0x00000000, 0x00000000, 0x00000000, 0x00000000, 0x00000007, 0x00000000,
    0x00000000, 0x00000000, 0x00000000, 0x00000000, 0x00000000, 0x00000000, 0x00000000, 0x00000000,
    0x00000000, 0x00000000, 0x00000000, 0x00000000, 0x00000000, 0x00000000, 0x00000000, 0x00000000,
    0x00000003, 0x00000666, 0x00000666, 0x00000666, 0x00000787, 0x00008889, 0x00008AAA, 0x00000477,
    0x00000444, 0x0009C444, 0x000CE422, 0x0008EB22, 0x0778C922, 0x777CCCB2, 0x700DDDD9, 0x0009DCCC,
    0x000DDDDD, 0x000DDDDD, 0x000DDDDD, 0x000DDDDD, 0x00000000, 0x00000000, 0x00000000, 0x00000000,
    0x00000000, 0x00000000, 0x00000000, 0x00000000, 0x00000000, 0x00000000, 0x00000000, 0x00000252,
    0x66605555, 0x66664555, 0x66645555, 0x66632255, 0x77886222, 0x9998A990, 0xAA999990, 0x77D97900,
    0x44DB9900, 0x44339700, 0x22279700, 0x22377400, 0x22243000, 0x22490000, 0x68DD0000, 0x9CC00000,
    0xDDD00000, 0xDDD00000, 0xDDD00000, 0xDD000000, 0x00000000, 0x00000000, 0x00000000, 0x00000000,
    0x00000000, 0x00000000, 0x00000000, 0x00000000, 0x00000000, 0x00000000, 0x00000000, 0x00000000,
    0x55200000, 0x55220000, 0x55500000, 0x55500000, 0x55000000, 0x22000000, 0x00000000, 0x00000000,
    0x00000000, 0x00000000, 0x00000000, 0x00000000, 0x00000000, 0x00000000, 0x00000000, 0x00000000,
    0x00000000, 0x00000000, 0x00000000, 0x00000000, 0x00000000, 0x00000000, 0x00000000, 0x00000000,
    0x00000000, 0x00000000, 0x00000000, 0x00000000, 0x00000000, 0x00000000, 0x00000000, 0x00000000,
    0x00000000, 0x00000000, 0x00000000, 0x00000000, 0x00000000, 0x00000000, 0x00000000, 0x00000000,
    0x00000000, 0x00000000, 0x00000000, 0x00000000, 0x00000000, 0x00000000, 0x00000007, 0x00000000,
    0x00000000, 0x00000000, 0x00000000, 0x00000000, 0x00000000, 0x00000000, 0x00000000, 0x00000000,
    0x00000000, 0x00000000, 0x00000000, 0x00000000, 0x00000000, 0x00000000, 0x00000000, 0x00000000,
    0x00000003, 0x00000666, 0x00000666, 0x00000666, 0x00000787, 0x00008889, 0x00008AAA, 0x00000477,
    0x00000444, 0x0009C444, 0x000CE422, 0x0008EB22, 0x0778C922, 0x777CCCB2, 0x700DDDD9, 0x0009DCCC,
    0x000DDDDD, 0x000DDDDD, 0x000DDDDD, 0x000DDDDD, 0x00000000, 0x00000000, 0x00000000, 0x00000000,
    0x00000000, 0x00000000, 0x00000000, 0x00000000, 0x00000000, 0x00000000, 0x00000000, 0x00000252,
    0x66605555, 0x66664555, 0x66645555, 0x66632255, 0x77886222, 0x9998A990, 0xAA999990, 0x77D97900,
    0x44DB9900, 0x44339700, 0x22279700, 0x22377400, 0x22243000, 0x22490000, 0x68DD0000, 0x9CC00000,
    0xDDD00000, 0xDDD00000, 0xDDD00000, 0xDD000000, 0x00000000, 0x00000000, 0x00000000, 0x00000000,
    0x00000000, 0x00000000, 0x00000000, 0x00000000, 0x00000000, 0x00000000, 0x00000000, 0x00000000,
    0x55200000, 0x55220000, 0x55500000, 0x55500000, 0x55000000, 0x22000000, 0x00000000, 0x00000000,
    0x00000000, 0x00000000, 0x00000000, 0x00000000, 0x00000000, 0x00000000, 0x00000000, 0x00000000,
    0x00000000, 0x00000000, 0x00000000, 0x00000000, 0x00000000, 0x00000000, 0x00000000, 0x00000000,
    0x00000000, 0x00000000, 0x00000000, 0x00000000, 0x00000000, 0x00000000, 0x00000000, 0x00000000,
    0x00000000, 0x0000010C, 0x00000117, 0x00000117, 0x0000007C, 0x00000009, 0x00000009, 0x00000008,
    0x00000000, 0x00000000, 0x00000000, 0x00000000, 0x00000000, 0x00000000, 0x00000000, 0x00000000,
    0x00000000, 0x00000000, 0x00000000, 0x00000000, 0x00000000, 0x00000800, 0x00000880, 0x00998880,
    0x998CC880, 0x8CD9CDD0, 0x9EB6BE90, 0x9FEBEFED, 0x9EF99FE8, 0xC7779CC8, 0xCC9CCCCC, 0x8CCCCCC8,
    0x99CCC880, 0x00898900, 0x00000000, 0x00000000, 0x00000000, 0x00000000, 0x00000000, 0x00000000,
    0x00000000, 0x00000000, 0x00000000, 0x00000000, 0x00000000, 0x00000000, 0x00000000, 0x00000000,
    0x00000000, 0x00100000, 0x11100000, 0x11100000, 0x00100000, 0x90000000, 0x80000000, 0x00000000,
    0x00000000, 0x00000000, 0x00000000, 0x00000000, 0x00000000, 0x00000000, 0x00000000, 0x00000000,
    0x00000000, 0x00000000, 0x00000000, 0x00000000, 0x00000000, 0x00000000, 0x00000000, 0x00000000,
    0x00000000, 0x00000000, 0x00000000, 0x00000117, 0x00000117, 0x00000008, 0x00000009, 0x00000000,
    0x00000000, 0x00000000, 0x00000000, 0x00000000, 0x00000000, 0x00000000, 0x00000000, 0x00000000,
    0x00000000, 0x00000000, 0x00000000, 0x00000000, 0x00000000, 0x00000000, 0x00000800, 0x00000880,
    0x00998C00, 0x98CCC880, 0x8CB9CDC0, 0x8EB6BE9D, 0x9FEBEFED, 0x9BF99FE8, 0xC7179C9C, 0x9C9CCCCC,
    0x88CCCCC8, 0x00898980, 0x00000000, 0x00000000, 0x00000000, 0x00000000, 0x00000000, 0x00000000,
    0x00000000, 0x00000000, 0x00000000, 0x00000000, 0x00000000, 0x00000000, 0x00000000, 0x00000000,
    0x00000000, 0x00100000, 0x01100000, 0x11100000, 0x11100000, 0x00100000, 0x90000000, 0x90000000,
    0x80000000, 0x00000000, 0x00000000, 0x00000000, 0x00000000, 0x00000000, 0x00000000, 0x00000000,
    0x00000000, 0x00000000, 0x00000000, 0x00000000, 0x00000000, 0x00000000, 0x00000000, 0x00000000,
    0x00000000, 0x0000010C, 0x00000117, 0x00000117, 0x0000007C, 0x00000009, 0x00000000, 0x00000000,
    0x00000000, 0x00000000, 0x00000000, 0x00000000, 0x00000000, 0x00000000, 0x00000000, 0x00000000,
    0x00000000, 0x00000000, 0x00000000, 0x00000000, 0x00000000, 0x00000800, 0x00988870, 0x89CCCC00,
    0x9CCCC800, 0xCCD9CDD0, 0x9EB6BE90, 0x9FEBEFED, 0x9EF99FE8, 0xC7779CC9, 0x9C9CCCC8, 0x08CCCC98,
    0x00988900, 0x00000000, 0x00000000, 0x00000000, 0x00000000, 0x00000000, 0x00000000, 0x00000000,
    0x00000000, 0x00000000, 0x00000000, 0x00000000, 0x00000000, 0x00000000, 0x00000000, 0x00000000,
    0x00000000, 0x00100000, 0x11100000, 0x11100000, 0x00100000, 0x90000000, 0x80000000, 0x00000000,
    0x00000000, 0x00000000, 0x00000000, 0x00000000, 0x00000000, 0x00000000, 0x00000000, 0x00000000,
    0x00000000, 0x00000000, 0x00000000, 0x00000000, 0x00000000, 0x00000000, 0x00000000, 0x00000109,
    0x00000119, 0x00000117, 0x00000117, 0x0000007C, 0x0000008C, 0x00000009, 0x00000008, 0x00000000,
    0x00000000, 0x00000000, 0x00000000, 0x00000000, 0x00000000, 0x00000000, 0x00000000, 0x00000000,
    0x00000000, 0x00000000, 0x00000000, 0x00000000, 0x00000800, 0x00000800, 0x0899C880, 0x9CCCC800,
    0xC9D9CCD0, 0x9EB6DE90, 0x9FEBEFE0, 0x9EFBDFE8, 0xC7679CC9, 0xCC8CCCC9, 0x8CCCCC80, 0x0899C800,
    0x00000000, 0x00000000, 0x00000000, 0x00000000, 0x00000000, 0x00000000, 0x00000000, 0x00000000,
    0x00000000, 0x00000000, 0x00000000, 0x00000000, 0x00000000, 0x00000000, 0x00000000, 0x00000000,
    0x00000000, 0x01100000, 0x11100000, 0x00100000, 0x00000000, 0x00000000, 0x00000000, 0x00000000,
    0x00000000, 0x00000000, 0x00000000, 0x00000000, 0x00000000, 0x00000000, 0x00000000, 0x00000000,
    0x00000000, 0x00000000, 0x00000000, 0x00000000, 0x00000000, 0x00000000, 0x00000000, 0x00000000,
    0x00000000, 0x00000000, 0x00000000, 0x00000009, 0x0000000C, 0x00000008, 0x00000008, 0x00000009,
    0x00000008, 0x00000000, 0x00000000, 0x00000000, 0x00000000, 0x00000000, 0x00000000, 0x00000000,
    0x00000000, 0x00000000, 0x00000000, 0x00000000, 0x03000000, 0x00000000, 0x03000700, 0x03000800,
    0x00000880, 0x08CC9980, 0x889CC890, 0x89979D90, 0x9B619B10, 0x9BB99BB9, 0x99B19DD8, 0xC979CCCC,
    0xCCCCCCC8, 0x8CCCCC88, 0x089CC980, 0x00000000, 0x00000000, 0x00000000, 0x00000000, 0x00000000,
    0x00000000, 0x00000000, 0x00000000, 0x00000000, 0x00000000, 0x33000000, 0x00000000, 0x00000000,
    0x00000000, 0x00000000, 0x00000000, 0x00000000, 0x00000000, 0x00000000, 0x00000000, 0x80000000,
    0x80000000, 0x00000000, 0x00000000, 0x00000000, 0x00000000, 0x00000000, 0x00000000, 0x00000000,
    0x00000000, 0x00000000, 0x00000000, 0x00000000, 0x00000000, 0x00000000, 0x00000033, 0x00000000,
    0x00000000, 0x00000000, 0x00000000, 0x00000000, 0x00000000, 0x00000000, 0x00000000, 0x00000000,
    0x00000000, 0x00000000, 0x00000000, 0x00000000, 0x00000000, 0x00000000, 0x00000000, 0x00000000,
    0x00000000, 0x00000000, 0x00000000, 0x00000000, 0x00000000, 0x00000030, 0x00000004, 0x00000030,
    0x00000030, 0x00008888, 0x0089CCCC, 0x0889CCCC, 0x07199C9D, 0x019B69B6, 0x019BB9BB, 0x07169C9D,
    0x0878CCCC, 0x098CCCCC, 0x0088CCCC, 0x00008888, 0x00000000, 0x00000000, 0x00000000, 0x00000000,
    0x00000000, 0x00000000, 0x00000000, 0x00000000, 0x00000000, 0x00000000, 0x00000000, 0x80000000,
    0x80000000, 0x88000000, 0xC8000000, 0xC0000000, 0x8C000000, 0x78000000, 0xB8000000, 0x9C000000,
    0xC8900000, 0xC9000000, 0x99000000, 0x00000000, 0x00000000, 0x00000000, 0x00000000, 0x00000000,
    0x00000000, 0x00000000, 0x00000000, 0x00000000, 0x00000000, 0x00000000, 0x00000000, 0x00000000,
    0x00000000, 0x00000000, 0x00000008, 0x0000000C, 0x0000000C, 0x0000000C, 0x0000000C, 0x00000008,
    0x00000000, 0x00000000, 0x00000000, 0x00000000, 0x00000000, 0x00000000, 0x00000000, 0x00000000,
    0x00000000, 0x00000000, 0x00000000, 0x00000000, 0x03000000, 0x00000000, 0x03000800, 0x03000800,
    0x088C8800, 0xCCCCCC00, 0xCC9CC880, 0xC9979D90, 0x9B61BB10, 0x9BB99BB9, 0x99B79DD8, 0x8979CCCC,
    0x98CCCCC8, 0x08999C80, 0x00000000, 0x00000000, 0x00000000, 0x00000000, 0x00000000, 0x00000000,
    0x00000000, 0x00000000, 0x00000000, 0x00000000, 0x00000000, 0x33000000, 0x00000000, 0x00000000,
    0x00000000, 0x00000000, 0x00000000, 0x00000000, 0x00000000, 0x00000000, 0x00000000, 0x80000000,
    0x00000000, 0x00000000, 0x00000000, 0x00000000, 0x00000000, 0x00000000, 0x00000000, 0x00000000,
    0x00000000, 0x00000000, 0x00000000, 0x00000000, 0x00000033, 0x00000003, 0x00000000, 0x00000000,
    0x00000008, 0x0000008C, 0x000009CC, 0x00000CCB, 0x00000CCB, 0x00000CC9, 0x000008CC, 0x0000008C,
    0x00000008, 0x00000000, 0x00000000, 0x00000000, 0x00000000, 0x00000000, 0x00000000, 0x00000000,
    0x00000000, 0x00000000, 0x00000000, 0x00000030, 0x00000000, 0x08000000, 0x00800030, 0x88880000,
    0x8C800000, 0xCC980000, 0xD919D000, 0xB16B6000, 0x696B6900, 0xB619D800, 0xC977CC80, 0xCCCCC800,
    0x8CC99800, 0x98880000, 0x00000000, 0x00000000, 0x00000000, 0x00000000, 0x00000000, 0x00000000,
    0x00000000, 0x00000000, 0x00000000, 0x00000000, 0x00000000, 0x00000000, 0x00000000, 0x00000000,
    0x00000000, 0x00000000, 0x00000000, 0x00000000, 0x00000000, 0x00000000, 0x00000000, 0x00000000,
    0x00000000, 0x00000000, 0x00000000, 0x00000000, 0x00000000, 0x00000000, 0x00000000, 0x00000000,
    0x00000000, 0x00000000, 0x00000000, 0x00000000, 0x00000000, 0x00000000, 0x00000000, 0x00000000,
    0x00000000, 0x0000010C, 0x00000117, 0x00000117, 0x0000007C, 0x00000009, 0x00000009, 0x00000008,
    0x00000000, 0x00000000, 0x00000000, 0x00000000, 0x00000000, 0x00000000, 0x00000000, 0x00000000,
    0x00000000, 0x00000000, 0x00000000, 0x00000000, 0x00000000, 0x00000800, 0x00000880, 0x00998880,
    0x998CC880, 0x8CD9CDD0, 0x9EB6BE90, 0x9FEBEFED, 0x9EFBDFE8, 0xC7BBDB99, 0xCCC9CCCC, 0x8CCCCCC8,
    0x99CCC880, 0x00898900, 0x00000000, 0x00000000, 0x00000000, 0x00000000, 0x00000000, 0x00000000,
    0x00000000, 0x00000000, 0x00000000, 0x00000000, 0x00000000, 0x00000000, 0x00000000, 0x00000000,
    0x00000000, 0x00100000, 0x11100000, 0x11100000, 0x00100000, 0x90000000, 0x80000000, 0x00000000,
    0x00000000, 0x00000000, 0x00000000, 0x00000000, 0x00000000, 0x00000000, 0x00000000, 0x00000000,
    0x00000000, 0x00000000, 0x00000000, 0x00000000, 0x00000000, 0x00000000, 0x00000000, 0x00000000,
    0x00000000, 0x00000000, 0x00000000, 0x00000117, 0x00000117, 0x00000008, 0x00000009, 0x00000000,
    0x00000000, 0x00000000, 0x00000000, 0x00000000, 0x00000000, 0x00000000, 0x00000000, 0x00000000,
    0x00000000, 0x00000000, 0x00000000, 0x00000000, 0x00000000, 0x00000000, 0x00000800, 0x00000880,
    0x00998C00, 0x98CCC880, 0x8CB9CDC0, 0x8EB6BE9D, 0x9FEBEFED, 0x9BFBBFE8, 0xC7BBDD8C, 0x9CC9CCCC,
    0x98CCCCC8, 0x00898980, 0x00000000, 0x00000000, 0x00000000, 0x00000000, 0x00000000, 0x00000000,
    0x00000000, 0x00000000, 0x00000000, 0x00000000, 0x00000000, 0x00000000, 0x00000000, 0x00000000,
    0x00000000, 0x00100000, 0x01100000, 0x11100000, 0x11100000, 0x00100000, 0x90000000, 0x90000000,
    0x80000000, 0x00000000, 0x00000000, 0x00000000, 0x00000000, 0x00000000, 0x00000000, 0x00000000,
    0x00000000, 0x00000000, 0x00000000, 0x00000000, 0x00000000, 0x00000000, 0x00000000, 0x00000000,
    0x00000000, 0x0000010C, 0x00000117, 0x00000117, 0x0000007C, 0x00000009, 0x00000000, 0x00000000,
    0x00000000, 0x00000000, 0x00000000, 0x00000000, 0x00000000, 0x00000000, 0x00000000, 0x00000000,
    0x00000000, 0x00000000, 0x00000000, 0x00000000, 0x00000000, 0x00000800, 0x00988870, 0x89CCCC00,
    0x9CCCC800, 0xCCD9CDD0, 0x9EB6BE90, 0x9FEBEFED, 0x9EFBDFE8, 0xC7BBDB99, 0x9CC9CCC8, 0x088CCC98,
    0x00988900, 0x00000000, 0x00000000, 0x00000000, 0x00000000, 0x00000000, 0x00000000, 0x00000000,
    0x00000000, 0x00000000, 0x00000000, 0x00000000, 0x00000000, 0x00000000, 0x00000000, 0x00000000,
    0x00000000, 0x00100000, 0x11100000, 0x11100000, 0x00100000, 0x90000000, 0x80000000, 0x00000000,
    0x00000000, 0x00000000, 0x00000000, 0x00000000, 0x00000000, 0x00000000, 0x00000000, 0x00000000,
    0x00000000, 0x00000000, 0x00000000, 0x00000000, 0x00000000, 0x00000000, 0x00000000, 0x00000109,
    0x00000119, 0x00000117, 0x00000117, 0x0000007C, 0x0000008C, 0x00000009, 0x00000008, 0x00000000,
    0x00000000, 0x00000000, 0x00000000, 0x00000000, 0x00000000, 0x00000000, 0x00000000, 0x00000000,
    0x00000000, 0x00000000, 0x00000000, 0x00000000, 0x00000800, 0x00000800, 0x0899C880, 0x9CCCC800,
    0xC9D9CCD0, 0x9EB6DE90, 0x9FEBEFE0, 0x9EFBBFE8, 0xC7BBDDC9, 0xCC99CCC9, 0x8CCCCC80, 0x0899C800,
    0x00000000, 0x00000000, 0x00000000, 0x00000000, 0x00000000, 0x00000000, 0x00000000, 0x00000000,
    0x00000000, 0x00000000, 0x00000000, 0x00000000, 0x00000000, 0x00000000, 0x00000000, 0x00000000,
    0x00000000, 0x01100000, 0x11100000, 0x00100000, 0x00000000, 0x00000000, 0x00000000, 0x00000000,
    0x00000000, 0x00000000, 0x00000000, 0x00000000, 0x00000000, 0x00000000, 0x00000000, 0x00000000,
    0x00000000, 0x00000000, 0x00000000, 0x00000000, 0x00000000, 0x00000000, 0x00000000, 0x00000000,
    0x00000000, 0x00000000, 0x00000000, 0x00000000, 0x00000000, 0x00000000, 0x00000000, 0x00000000,
    0x00000000, 0x00000000, 0x00000000, 0x00000000, 0x00000000, 0x0000000A, 0x0000000A, 0x0000000A,
    0x0000000A, 0x0000000A, 0x0000005A, 0x00000055, 0x000000A5, 0x000000A5, 0x000000A5, 0x000000A5,
    0x00000000, 0x00000000, 0x00000000, 0x00000000, 0x00000000, 0x00000000, 0x00000000, 0x0000000A,
    0x000000A5, 0x00000A55, 0x0000AA55, 0x0005A555, 0x000A5553, 0x005A5533, 0x00A55334, 0x0AA55342,
    0x0A553342, 0x0A553422, 0xA5553222, 0xA5534222, 0xA5534222, 0x55532222, 0x55332222, 0x55342222,
    0x55322222, 0x55322222, 0x53322222, 0x53422222, 0x53422222, 0x53422222, 0x53422222, 0x53422222,
    0x00000000, 0x00000000, 0x00000000, 0x000005AA, 0x000AAAAA, 0x0AAA5555, 0xAA555555, 0xA5555553,
    0x55533333, 0x55333444, 0x33344422, 0x33442222, 0x34222222, 0x42222222, 0x22222222, 0x22222222,
    0x22222222, 0x22222222, 0x22222222, 0x22222222, 0x22222222, 0x22222222, 0x22222222, 0x22222222,
    0x22222222, 0x22222222, 0x22222222, 0x22222222, 0x22222222, 0x22222222, 0x22222222, 0x22222222,
    0x000000A5, 0x000000A5, 0x000000A5, 0x000000A5, 0x00000055, 0x0000005A, 0x0000000A, 0x0000000A,
    0x0000000A, 0x0000000A, 0x00000005, 0x00000000, 0x00000000, 0x00000000, 0x00000000, 0x00000000,
    0x00000000, 0x00000000, 0x00000000, 0x00000000, 0x00000000, 0x00000000, 0x00000000, 0x00000000,
    0x00000000, 0x00000000, 0x00000000, 0x00000000, 0x00000000, 0x00000000, 0x00000000, 0x00000000,
    0x53422222, 0x53422222, 0x53422222, 0x53422222, 0x53322222, 0x53322222, 0x55322222, 0x55322222,
    0x55342222, 0x55342222, 0x55332222, 0xA5534222, 0xA5534222, 0xA5533222, 0x0A553422, 0x0A553322,
    0x0AA55342, 0x00A55334, 0x00AA5533, 0x000A5553, 0x0005A555, 0x0000AA55, 0x00000A55, 0x000000A5,
    0x0000005A, 0x00000000, 0x00000000, 0x00000000, 0x00000000, 0x00000000, 0x00000000, 0x00000000,
    0x22222222, 0x22222222, 0x22222222, 0x22222222, 0x22222222, 0x22222222, 0x22222222, 0x22222222,
    0x22222222, 0x22222222, 0x22222222, 0x22222222, 0x22222222, 0x22222222, 0x22222222, 0x22222222,
    0x22222222, 0x22222222, 0x42222222, 0x44222222, 0x34422222, 0x33344222, 0x55333444, 0x55533333,
    0x55555333, 0xAA555555, 0x0AAA5555, 0x005AAAAA, 0x00000AAA, 0x00000000, 0x00000000, 0x00000000,
    0x00000000, 0x00000000, 0x00000000, 0xAA500000, 0xAAAAA000, 0x5555AAA0, 0x555555AA, 0x33555555,
    0x33333555, 0x44433355, 0x22244333, 0x22222443, 0x22222244, 0x22222224, 0x22222222, 0x22222222,
    0x22222222, 0x22222222, 0x22222222, 0x22222222, 0x22222222, 0x22222222, 0x22222222, 0x22222222,
    0x22222222, 0x22222222, 0x22222222, 0x22222222, 0x22222222, 0x22222222, 0x22222222, 0x22222222,
    0x00000000, 0x00000000, 0x00000000, 0x00000000, 0x00000000, 0x00000000, 0x00000000, 0xA5000000,
    0x5A000000, 0x55A00000, 0x55AA0000, 0x355A5000, 0x3555A000, 0x3355AA00, 0x43355A00, 0x24355AA0,
    0x223355A0, 0x224355A5, 0x2223355A, 0x2224355A, 0x2222355A, 0x22223355, 0x22224355, 0x22222355,
    0x22222355, 0x22222455, 0x22222235, 0x22222235, 0x22222235, 0x22222235, 0x22222235, 0x22222245,
    0x00000000, 0x00000000, 0x00000000, 0x00000000, 0x00000000, 0x00000000, 0x00000000, 0x00000000,
    0x00000000, 0x00000000, 0x00000000, 0x00000000, 0x00000000, 0x00000000, 0x00000000, 0x00000000,
    0x00000000, 0x00000000, 0x00000000, 0x00000000, 0x50000000, 0xA0000000, 0xA0000000, 0xA0000000,
    0xA0000000, 0xA5000000, 0x55000000, 0x5A000000, 0x5A000000, 0x5A000000, 0x5A000000, 0x5A000000,
    0x22222222, 0x22222222, 0x22222222, 0x22222222, 0x22222222, 0x22222222, 0x22222222, 0x22222222,
    0x22222222, 0x22222222, 0x22222222, 0x22222222, 0x22222222, 0x22222222, 0x22222222, 0x22222222,
    0x22222222, 0x22222222, 0x22222224, 0x22222244, 0x22222342, 0x22244222, 0x44433225, 0x33333555,
    0x33555555, 0x555555AA, 0x5555AAA0, 0xAAAAA500, 0xAAA00000, 0x00000000, 0x00000000, 0x00000000,
    0x22222245, 0x22222225, 0x22222225, 0x22222225, 0x22222225, 0x22222245, 0x22222235, 0x22222235,
    0x22222255, 0x22222255, 0x22222255, 0x2222235A, 0x2222255A, 0x2222255A, 0x224235A5, 0x242255A0,
    0x242355A0, 0x32255A00, 0x22355A00, 0x2355A000, 0x455AA000, 0x555A0000, 0x55A00000, 0x5A500000,
    0xA5000000, 0x50000000, 0x00000000, 0x00000000, 0x00000000, 0x00000000, 0x00000000, 0x00000000,
    0x5A000000, 0x5A000000, 0x5A000000, 0x5A000000, 0x5A000000, 0x55000000, 0x55000000, 0xA0000000,
    0xA0000000, 0xA0000000, 0xA0000000, 0x50000000, 0x00000000, 0x00000000, 0x00000000, 0x00000000,
    0x00000000, 0x00000000, 0x00000000, 0x00000000, 0x00000000, 0x00000000, 0x00000000, 0x00000000,
    0x00000000, 0x00000000, 0x00000000, 0x00000000, 0x00000000, 0x00000000, 0x00000000, 0x00000000,
    0x00000000, 0x0000E000, 0x0000FF00, 0x000FFEE0, 0x0EFFB1BB, 0x00FE116B, 0x000EB6BE, 0x0000BBEF,
    0x0000BBEF, 0x0000BBEF, 0x000BBBEF, 0x00FEBBEF, 0x0EFEBBEF, 0x000EBBEF, 0x0000BBEF, 0x0000EBEF,
    0x0000EEEF, 0x000EB6EF, 0x00EF616E, 0x0EFFB1BE, 0x000FFEEB, 0x0000FF00, 0x0000EE00, 0x00000000,
    0x00000000, 0x000EE000, 0x000FF000, 0x00BEEE00, 0xBBBBBBBB, 0xBBBBBBBB, 0xEEEEEEEE, 0xFFFFFFFF,
    0xFFFFFFFF, 0xFFFFFFFF, 0xFFFFFFFF, 0xFFFFFFFF, 0xFFFFFFFF, 0xFFFFFFFF, 0xFFFFFFFF, 0xFFFFFFFF,
    0xFFFFFFFF, 0xEEEEEEEE, 0xEEEEEEEE, 0xEEEEEEEE, 0xBBEEEEBB, 0x000FF000, 0x000EE000, 0x00000000,
    0x00000000, 0x000E0000, 0x00EF0000, 0x0BEFF000, 0xBB16FFE0, 0xB611EFE0, 0xEB66B000, 0xFEBB0000,
    0xFEBB0000, 0xFEBB0000, 0xFEBBB000, 0xFEBBEFE0, 0xFEBBEFE0, 0xFEBBE000, 0xFEBB0000, 0xFEBEB000,
    0xFFEEB000, 0xFE6BE000, 0xE611EF00, 0xEB16FFE0, 0xBEEFF000, 0x00FF0000, 0x000E0000, 0x00000000,
    0x66666666, 0x66666666, 0x66666666, 0x66666666, 0x66666666, 0x66666666, 0x66666666, 0x66666666,
    0x66666666, 0x66666666, 0x66666666, 0x66666666, 0x66666311, 0x66431111, 0x63111111, 0x11111111,
    0x66666666, 0x66663111, 0x66311111, 0x63111111, 0x11111111, 0x11111111, 0x11111111, 0x11111111,
    0x66666666, 0x34666663, 0x11133311, 0x11111111, 0x11111111, 0x11111111, 0x11111111, 0x11111111,
    0x66666666, 0x31133666, 0x11111136, 0x11111113, 0x11111111, 0x11111111, 0x11111111, 0x11111111,
    0x66666666, 0x66666666, 0x66666666, 0x66666666, 0x36666666, 0x13666666, 0x11146666, 0x11111331,
    0x66666666, 0x66666666, 0x66666666, 0x66666666, 0x66666666, 0x66666666, 0x33113366, 0x11111113,
    0x66666666, 0x66666666, 0x66666666, 0x66666666, 0x66666666, 0x66666643, 0x66663111, 0x64311111,
    0x66666666, 0x66666666, 0x66666666, 0x66666666, 0x66666666, 0x33666666, 0x11134666, 0x11111333,
    0x66666666, 0x66666666, 0x66666666, 0x66666666, 0x66666666, 0x66666666, 0x66666666, 0x46666666,
    0x66666663, 0x66666661, 0x66666641, 0x66666641, 0x66666661, 0x66666661, 0x66666664, 0x66666666,
    0x11111111, 0x11111111, 0x11111111, 0x11111133, 0x11111333, 0x11111333, 0x11111333, 0x41111111,
    0x11111111, 0x11111111, 0x11111111, 0x33333333, 0x33333333, 0x33333333, 0x33131333, 0x13463333,
    0x11111111, 0x11111111, 0x11111113, 0x33333333, 0x33333333, 0x33333333, 0x31333133, 0x44333331,
    0x11111111, 0x11111111, 0x33331111, 0x33333111, 0x33333311, 0x33333311, 0x33333311, 0x11131111,
    0x11111111, 0x11111111, 0x11111111, 0x11111111, 0x11111111, 0x11111111, 0x11111111, 0x11111111,
    0x11111111, 0x11111111, 0x11111111, 0x11111111, 0x11111111, 0x11111111, 0x11111111, 0x11113333,
    0x11111111, 0x11111111, 0x11111111, 0x11111111, 0x11111111, 0x11111111, 0x11111111, 0x33333333,
    0x11111111, 0x11111111, 0x11111111, 0x11111111, 0x11111111, 0x11111111, 0x11111111, 0x33333331,
    0x11466666, 0x11146666, 0x11116666, 0x11113666, 0x11113666, 0x11113666, 0x11116666, 0x11166666,
    0x66666666, 0x66666666, 0x66666666, 0x66666666, 0x66666666, 0x66666443, 0x66643111, 0x66311111,
    0x66666666, 0x66666666, 0x66666666, 0x66666666, 0x66666666, 0x33746666, 0x11111466, 0x11111116,
    0x66311111, 0x66664446, 0x66666666, 0x66666666, 0x66666666, 0x66666666, 0x66666666, 0x66666666,
    0x36666666, 0x66666666, 0x66666666, 0x66666666, 0x66666666, 0x66666666, 0x66666666, 0x66666666,
    0x66666664, 0x66666666, 0x66666666, 0x66666666, 0x66666666, 0x66666666, 0x66666666, 0x66666666,
    0x34463111, 0x66666411, 0x66666663, 0x66666666, 0x66666666, 0x66666666, 0x66666666, 0x66666666,
    0x11111133, 0x11111333, 0x31113331, 0x66664311, 0x66666311, 0x66664111, 0x66663111, 0x66661111,
    0x33333333, 0x31111111, 0x11111111, 0x11111111, 0x11111111, 0x11111111, 0x11111111, 0x11111111,
    0x33333333, 0x33333333, 0x11311111, 0x11111111, 0x11111111, 0x11111111, 0x11111111, 0x11111111,
    0x33333333, 0x33333331, 0x11333111, 0x11111111, 0x11111111, 0x11111111, 0x11111111, 0x11111111,
    0x13666666, 0x13333446, 0x11111113, 0x11111111, 0x11111111, 0x11111111, 0x11111111, 0x11111111,
    0x66666666, 0x66666666, 0x46666666, 0x13444463, 0x11111111, 0x11111111, 0x11111111, 0x11111111,
    0x66666666, 0x66666666, 0x66666666, 0x33334666, 0x11111133, 0x11111111, 0x11111111, 0x11111111,
    0x66666666, 0x66666666, 0x66666663, 0x66666641, 0x46666611, 0x11333411, 0x11111111, 0x11111111,
    0x63111111, 0x11111111, 0x11111111, 0x11111111, 0x11111111, 0x11111111, 0x11111111, 0x11111111,
    0x46666666, 0x16666666, 0x11666666, 0x11366666, 0x11146666, 0x11136666, 0x11116666, 0x11114666,
    0x66641111, 0x66641111, 0x66641111, 0x66661111, 0x66663111, 0x66666111, 0x66666411, 0x66666641,
    0x11111111, 0x11111111, 0x11111111, 0x11111111, 0x11111111, 0x11111111, 0x11111113, 0x11111113,
    0x11111111, 0x11111111, 0x11111111, 0x11111111, 0x11111111, 0x11333133, 0x33333333, 0x33333333,
    0x11111111, 0x11111111, 0x11111111, 0x11111111, 0x33333311, 0x33333333, 0x33333333, 0x33333333,
    0x11111111, 0x11111111, 0x11111111, 0x11111111, 0x33333333, 0x33333333, 0x33333333, 0x33333333,
    0x11111111, 0x11111111, 0x11111111, 0x11111111, 0x11111111, 0x33111111, 0x33311111, 0x33311111,
    0x11111111, 0x11111111, 0x11111111, 0x11113311, 0x11333333, 0x13333333, 0x11333333, 0x11333111,
    0x11111111, 0x11111111, 0x11111111, 0x33113331, 0x33333333, 0x33333333, 0x33333333, 0x11111111,
    0x11111111, 0x11111111, 0x11111111, 0x11111111, 0x33331111, 0x33333111, 0x33331111, 0x11111111,
    0x11113666, 0x11111666, 0x11111666, 0x11111466, 0x11111466, 0x11111466, 0x11111466, 0x11111466,
    0x31111133, 0x66433333, 0x66666663, 0x66666666, 0x66666666, 0x66666666, 0x66666666, 0x66666666,
    0x33333333, 0x33333333, 0x13333333, 0x33333133, 0x66666643, 0x66666666, 0x66666666, 0x66666666,
    0x33333333, 0x33333333, 0x33333333, 0x33333333, 0x13333333, 0x31111111, 0x66331113, 0x66666666,
    0x33333333, 0x33333333, 0x33333333, 0x33333333, 0x33333313, 0x11333346, 0x34666666, 0x66666666,
    0x33333333, 0x33333333, 0x33333333, 0x33333333, 0x33311333, 0x66444466, 0x66666666, 0x66666666,
    0x33311111, 0x33311111, 0x33311111, 0x31111134, 0x33133466, 0x66666666, 0x66666666, 0x66666666,
    0x11463111, 0x14663111, 0x46444111, 0x66646111, 0x66646311, 0x66644411, 0x66644631, 0x66664461,
    0x11111646, 0x11111646, 0x11113646, 0x11114446, 0x11116466, 0x11146466, 0x11164466, 0x11444466,
    0x66664444, 0x66664444, 0x66666444, 0x66666444, 0x66666644, 0x66666644, 0x66666664, 0x66666666,
    0x11111111, 0x41111111, 0x44111111, 0x44431111, 0x44444311, 0x44444444, 0x44444444, 0x44444444,
    0x11111111, 0x11111111, 0x11111113, 0x11111144, 0x11134444, 0x44464444, 0x44444444, 0x44444444,
    0x13644466, 0x36444666, 0x64444666, 0x44446666, 0x44466666, 0x44466666, 0x44666666, 0x46666666,
    0x66666666, 0x66666666, 0x66666666, 0x66666666, 0x66666666, 0x66666666, 0x66666666, 0x66644346,
    0x66666666, 0x66666666, 0x66666666, 0x66666666, 0x66666666, 0x66666433, 0x66643111, 0x44311111,
    0x66666666, 0x66666666, 0x66666666, 0x66666666, 0x66666666, 0x11133466, 0x11111136, 0x11111111,
    0x66666666, 0x66666666, 0x66666666, 0x66666666, 0x66666666, 0x66666666, 0x66666666, 0x46433111,
    0x66666666, 0x66666666, 0x66666666, 0x66666666, 0x66666666, 0x66666666, 0x66666666, 0x33466666,
    0x66444444, 0x66444444, 0x66666444, 0x66666666, 0x66666666, 0x66666666, 0x66666666, 0x66666666,
    0x44444444, 0x44444446, 0x44446666, 0x66666666, 0x66666666, 0x66666666, 0x66666666, 0x66666666,
    0x66666666, 0x66666664, 0x66666641, 0x66666631, 0x66666411, 0x66666311, 0x66666311, 0x66666411,
    0x13111111, 0x11111111, 0x11111111, 0x11111111, 0x11111111, 0x11111111, 0x11111111, 0x11111111,
    0x11136666, 0x11111666, 0x11111136, 0x11111111, 0x11111111, 0x11111111, 0x11111111, 0x11111111,
    0x66666666, 0x66666666, 0x66666666, 0x46666666, 0x16666666, 0x11666666, 0x11466666, 0x11366666,
    0x66666666, 0x66666666, 0x66666666, 0x66666666, 0x66666666, 0x66666666, 0x66666431, 0x66643111,
    0x66666666, 0x66666666, 0x66666666, 0x66666666, 0x66666666, 0x44446666, 0x11113331, 0x11111111,
    0x66666666, 0x66666666, 0x66666666, 0x66666666, 0x66666666, 0x66666666, 0x11334666, 0x11111346,
    0x66666611, 0x66666641, 0x66666663, 0x66666666, 0x66666666, 0x66666444, 0x66431111, 0x63111111,
    0x11111111, 0x11111111, 0x11111133, 0x43113333, 0x66113333, 0x46433333, 0x11333333, 0x11111333,
    0x11111111, 0x33311111, 0x33333311, 0x33333333, 0x33333333, 0x33333333, 0x33311333, 0x11111111,
    0x11111111, 0x11111111, 0x33111133, 0x33333333, 0x33333333, 0x33333333, 0x33333333, 0x33133333,
    0x11111111, 0x11111111, 0x33311333, 0x33333333, 0x33333333, 0x33333333, 0x33333333, 0x33133133,
    0x11111111, 0x11111111, 0x33311111, 0x33333111, 0x33333111, 0x33333113, 0x33333346, 0x33134666,
    0x11366666, 0x11366666, 0x11466666, 0x13666666, 0x16666666, 0x46666666, 0x66666666, 0x66666666,
    0x66611111, 0x66311111, 0x63111111, 0x61111111, 0x41111111, 0x31111111, 0x31111111, 0x31111111,
    0x11111113, 0x11111111, 0x11111111, 0x11111111, 0x11111111, 0x11111111, 0x11111111, 0x11111111,
    0x13446433, 0x11466666, 0x11146666, 0x11136666, 0x11116666, 0x11114666, 0x11114666, 0x11116666,
    0x33344333, 0x66666666, 0x66666666, 0x66666666, 0x66666666, 0x66666666, 0x66666666, 0x66666666,
    0x33466666, 0x66666666, 0x66666666, 0x66666666, 0x66666666, 0x66666666, 0x66666666, 0x66666666,
    0x41111111, 0x63111111, 0x64111111, 0x66311111, 0x64631111, 0x66464311, 0x66646643, 0x66664466,
    0x11111111, 0x11113333, 0x11333333, 0x13333333, 0x33333333, 0x33333333, 0x33333333, 0x31333333,
    0x11111111, 0x31111111, 0x33333333, 0x33333333, 0x33333333, 0x33333333, 0x33333333, 0x33333333,
    0x11111111, 0x11111111, 0x33111333, 0x33333333, 0x33333333, 0x33333333, 0x33333333, 0x33333333,
    0x11111111, 0x11133333, 0x13333333, 0x33333333, 0x33333333, 0x33333333, 0x33333333, 0x33333333,
    0x11111111, 0x33111111, 0x33331111, 0x33333111, 0x33333333, 0x33333146, 0x33333346, 0x33331364,
    0x11136666, 0x11166666, 0x11466666, 0x14666666, 0x66666666, 0x46666666, 0x46666666, 0x66666666,
    0x66666666, 0x66666666, 0x66666666, 0x66666666, 0x66666666, 0x66666666, 0x66666666, 0x66666664,
    0x66666666, 0x66666666, 0x66666666, 0x66666666, 0x66646666, 0x66666433, 0x46631111, 0x64311111,
    0x66666666, 0x66666666, 0x66666666, 0x66666666, 0x66644466, 0x34666666, 0x11333343, 0x11111111,
    0x66666666, 0x66666666, 0x66666666, 0x66666666, 0x66666646, 0x64333466, 0x11111134, 0x11111111,
    0x66666666, 0x66666666, 0x66666666, 0x66666666, 0x66666433, 0x46631111, 0x64311111, 0x33111111,
    0x66666666, 0x66666666, 0x66666666, 0x66666666, 0x34666666, 0x11136646, 0x11111464, 0x11111146,
    0x66666666, 0x66666666, 0x66666666, 0x66666666, 0x66666666, 0x66666666, 0x46666666, 0x64666666,
    0x66666666, 0x66666433, 0x66663111, 0x66631111, 0x66411111, 0x46311111, 0x46411111, 0x46311111,
    0x66644334, 0x43111111, 0x11111111, 0x11111111, 0x11111111, 0x11111111, 0x11111111, 0x11111111,
    0x66666666, 0x14666666, 0x11333366, 0x11111113, 0x11111111, 0x11111111, 0x11111111, 0x11111111,
    0x66666666, 0x66666666, 0x66666666, 0x34666666, 0x11366666, 0x11136466, 0x11114666, 0x11114666,
    0x44444444, 0x44444444, 0x44444444, 0x44444444, 0x44444444, 0x44444444, 0x44444444, 0x44444444,
    0x63333333, 0x46443333, 0x44466666, 0x44444444, 0x44444444, 0x44444444, 0x44444444, 0x44444444,
    0x13113333, 0x34431111, 0x66664333, 0x44446666, 0x44444444, 0x44444444, 0x44444444, 0x44444444,
    0x33111333, 0x11113444, 0x33466444, 0x66644444, 0x44444444, 0x44444444, 0x44444444, 0x44444444,
    0x33133333, 0x64333333, 0x44644444, 0x44444666, 0x44444444, 0x44444444, 0x44444444, 0x44444444,
    0x33333444, 0x33346444, 0x44664444, 0x64444444, 0x44444444, 0x44444444, 0x44444444, 0x44444444,
    0x44444446, 0x44444446, 0x44444464, 0x44444463, 0x44444463, 0x44444463, 0x44444463, 0x44444444,
    0x41111111, 0x31111111, 0x11111111, 0x11111111, 0x11111111, 0x11111111, 0x11111111, 0x11111113,
    0x11111111, 0x11111111, 0x11111111, 0x11111111, 0x11111111, 0x11133111, 0x33333333, 0x33333333,
    0x11111111, 0x11111111, 0x11111111, 0x11111111, 0x11111111, 0x13331113, 0x33333333, 0x33333333,
    0x11111111, 0x11111111, 0x11111111, 0x11111111, 0x11111111, 0x33113333, 0x33333333, 0x33333333,
    0x11111113, 0x11111111, 0x11111111, 0x11111111, 0x11111111, 0x33111111, 0x33311111, 0x33331111,
    0x46444444, 0x13644444, 0x11464444, 0x11144444, 0x11136444, 0x11136444, 0x11116444, 0x11136444,
    0x64111133, 0x63113333, 0x63133333, 0x64133333, 0x46313333, 0x44631133, 0x44464446, 0x44444644,
    0x11333113, 0x33333333, 0x33333333, 0x33333333, 0x33333333, 0x34333433, 0x46444444, 0x44444444,
    0x33111111, 0x33333333, 0x33333333, 0x33333331, 0x33333333, 0x33433334, 0x44644444, 0x44444444,
    0x11136444, 0x11146444, 0x33464444, 0x36444444, 0x44444444, 0x44444444, 0x44444444, 0x44444444,
    0x44444444, 0x44444444, 0x44444444, 0x44444444, 0x44444444, 0x44444644, 0x44444311, 0x44431111,
    0x44444444, 0x44444444, 0x44444444, 0x44444444, 0x44444444, 0x46644444, 0x13344444, 0x11113444,
    0x44444444, 0x44444444, 0x44444444, 0x44444444, 0x44444444, 0x44444444, 0x44444444, 0x44446444,
    0x44444444, 0x44444444, 0x44444444, 0x44444444, 0x44444444, 0x44444446, 0x44444463, 0x46444631,
    0x44444444, 0x44444444, 0x44444444, 0x44446444, 0x46444444, 0x43111111, 0x11111111, 0x11111111,
    0x44444444, 0x44444444, 0x44444444, 0x44444444, 0x46444444, 0x33444444, 0x11144444, 0x11114444,
    0x44444446, 0x44444444, 0x44444444, 0x44444444, 0x44444444, 0x44444444, 0x44444444, 0x44444444,
    0x31111113, 0x43111111, 0x46311111, 0x44643111, 0x44446444, 0x44444444, 0x44444444, 0x44444444,
    0x33333333, 0x33333333, 0x13333333, 0x13333344, 0x44444444, 0x44444444, 0x44444444, 0x44444444,
    0x33333333, 0x33333333, 0x33333333, 0x33333333, 0x44444444, 0x44444444, 0x44444444, 0x44444444,
    0x33331111, 0x33331111, 0x33311111, 0x11111111, 0x31111113, 0x64333344, 0x44466644, 0x44444444,
    0x11136444, 0x11144444, 0x11464444, 0x13644444, 0x36444444, 0x44444444, 0x44444444, 0x44444444,
    0x44311111, 0x43111111, 0x41111111, 0x31111111, 0x31111111, 0x31111111, 0x31111111, 0x31111111,
    0x11111364, 0x11111133, 0x11111111, 0x11111111, 0x11111111, 0x11111111, 0x11111111, 0x11111111,
    0x44433111, 0x33311111, 0x11111111, 0x11111111, 0x11111111, 0x11111111, 0x11111111, 0x11111111,
    0x33444311, 0x11111111, 0x11111111, 0x11111111, 0x11111111, 0x11111111, 0x11111111, 0x11111111,
    0x11111444, 0x11111344, 0x11111144, 0x11111134, 0x11111134, 0x11111114, 0x11111114, 0x11111113,
    0x43111111, 0x44111111, 0x44431111, 0x44443311, 0x44444441, 0x44444443, 0x44444444, 0x44444444,
    0x11111111, 0x11111333, 0x11133333, 0x11333333, 0x13333333, 0x13333333, 0x31333333, 0x43113333,
    0x11111111, 0x31333333, 0x33333333, 0x33333333, 0x33333333, 0x33333333, 0x33333333, 0x33333333,
    0x11111111, 0x33111111, 0x33333333, 0x33333333, 0x33333333, 0x33333333, 0x33333333, 0x33333333,
    0x11111111, 0x11111111, 0x11333331, 0x33333333, 0x33333333, 0x33333333, 0x33333333, 0x44333333,
    0x11111113, 0x11111113, 0x11111113, 0x31111114, 0x31111134, 0x31111344, 0x11113444, 0x33344444,
    0x44331111, 0x44444333, 0x44444444, 0x44444444, 0x44444444, 0x44444444, 0x44444444, 0x44444444,
    0x11333333, 0x34444333, 0x44444444, 0x44444444, 0x44444444, 0x44444444, 0x44444444, 0x44444444,
    0x33444444, 0x44444444, 0x44444444, 0x44444444, 0x44444444, 0x44444444, 0x44444444, 0x44444444,
    0x44444333, 0x43311111, 0x31111111, 0x11111111, 0x11111111, 0x11111111, 0x11111111, 0x11111111,
    0x44444444, 0x11333311, 0x11111111, 0x11111111, 0x11111111, 0x11111111, 0x11111111, 0x11111111,
    0x44444444, 0x11334444, 0x11111343, 0x11111111, 0x11111111, 0x11111111, 0x11111111, 0x11111111,
    0x44444444, 0x43333334, 0x11111111, 0x11111111, 0x11111111, 0x11111111, 0x11111111, 0x11111111,
    0x44444444, 0x44444444, 0x33444444, 0x11333344, 0x11111113, 0x11111111, 0x11111111, 0x11111111,
    0x44444444, 0x44444444, 0x44444444, 0x44444444, 0x44444444, 0x13444444, 0x11444444, 0x11144444,
    0x11111111, 0x11111111, 0x11111111, 0x11111111, 0x11111111, 0x11111111, 0x11111111, 0x11333333,
    0x11111111, 0x11111111, 0x11111111, 0x11111111, 0x11111111, 0x11111111, 0x11333333, 0x33333333,
    0x11111111, 0x11111111, 0x11111111, 0x11111111, 0x11111111, 0x11111111, 0x33333333, 0x33333333,
    0x11111111, 0x11111111, 0x11111111, 0x11111111, 0x11111111, 0x11111111, 0x33111111, 0x33333333,
    0x11111111, 0x11111111, 0x11111111, 0x11111111, 0x11111111, 0x11111111, 0x11111111, 0x33111111,
    0x11134444, 0x11134444, 0x11114444, 0x11114444, 0x11134444, 0x11134444, 0x11344444, 0x11444444,
    0x44444444, 0x44444444, 0x44444444, 0x44444444, 0x44444444, 0x44444444, 0x44444444, 0x44444333,
    0x44444444, 0x44444444, 0x44444444, 0x44444444, 0x44444444, 0x44444444, 0x44444444, 0x33344444,
    0x13333333, 0x33333333, 0x33333333, 0x13333333, 0x13333333, 0x44333333, 0x44443333, 0x44444444,
    0x33333333, 0x33333333, 0x33333333, 0x33333333, 0x33333333, 0x33333333, 0x43333333, 0x44443333,
    0x33333333, 0x33333333, 0x33333333, 0x33333333, 0x33333333, 0x33333333, 0x33333333, 0x34444444,
    0x33333333, 0x33333333, 0x33333333, 0x33333333, 0x33333333, 0x33333333, 0x33444444, 0x44444444,
    0x33311111, 0x33331133, 0x33333444, 0x33334444, 0x33334444, 0x33444444, 0x44444444, 0x44444444,
    0x34444444, 0x44444444, 0x44444444, 0x44444444, 0x44444444, 0x44444444, 0x44444444, 0x44444444,
    0x44444444, 0x44444444, 0x44444444, 0x44444444, 0x44444444, 0x44444444, 0x44444443, 0x44444431,
    0x44444444, 0x44444444, 0x44444444, 0x44444433, 0x44443111, 0x44431111, 0x33111111, 0x11111111,
    0x44444444, 0x44444444, 0x44444444, 0x11333444, 0x11111344, 0x11111113, 0x11111111, 0x11111111,
    0x44444444, 0x44444444, 0x44444444, 0x44444444, 0x44444444, 0x33133444, 0x11111134, 0x11111111,
    0x44444444, 0x44444444, 0x44444444, 0x44444444, 0x44444444, 0x44333334, 0x31111111, 0x11111111,
    0x44444444, 0x44444444, 0x44444444, 0x44444444, 0x44444444, 0x44444444, 0x34444444, 0x13444444,
    0x44444444, 0x44444444, 0x44444444, 0x44444444, 0x44444444, 0x44444444, 0x44444433, 0x44443111,
    0x44444444, 0x44444444, 0x44444444, 0x44444444, 0x44444444, 0x44444431, 0x33444311, 0x11133111,
    0x44444444, 0x44444444, 0x44444444, 0x44444444, 0x33133334, 0x11111113, 0x11111111, 0x11111111,
    0x44444444, 0x44444444, 0x44444444, 0x44444444, 0x44444444, 0x44444444, 0x13444334, 0x11331111,
    0x44444444, 0x44444444, 0x44444444, 0x44444444, 0x44444444, 0x44444334, 0x44331111, 0x33111111,
    0x44444444, 0x44444444, 0x44444444, 0x44444444, 0x44444444, 0x44444444, 0x33444444, 0x11344444,
    0x44444444, 0x44444444, 0x44444444, 0x44444444, 0x44444443, 0x44444431, 0x44444411, 0x44444311,
    0x44431111, 0x43111111, 0x41111111, 0x11111111, 0x11111111, 0x11111111, 0x11111111, 0x11111111,
    0x11133444, 0x11111333, 0x11111111, 0x11111111, 0x11111111, 0x11111111, 0x11111111, 0x11111111,
    0x44444444, 0x33333433, 0x11111111, 0x11111111, 0x11111111, 0x11111111, 0x11111111, 0x11111111,
    0x43344444, 0x11113344, 0x11111134, 0x11111113, 0x11111111, 0x11111111, 0x11111111, 0x11111111,
    0x44444444, 0x44444444, 0x44444444, 0x44444444, 0x13344444, 0x11134444, 0x11113444, 0x11111344,
    0x44444111, 0x44441111, 0x44431111, 0x44311111, 0x44311111, 0x44111111, 0x44111111, 0x44111111,
    0x11111111, 0x11111111, 0x11111111, 0x11111111, 0x11111111, 0x11111111, 0x11111111, 0x11111133,
    0x11111111, 0x11111111, 0x11111111, 0x11111111, 0x11111111, 0x11111333, 0x11133333, 0x33333333,
    0x11111111, 0x11111111, 0x11111111, 0x11111111, 0x11111111, 0x31111111, 0x33333333, 0x33333333,
    0x11333444, 0x11111134, 0x11111113, 0x11111111, 0x11111111, 0x11111111, 0x31111111, 0x33111111,
    0x44444444, 0x44444444, 0x44444444, 0x34444444, 0x34444444, 0x13444444, 0x13444444, 0x13444444,
    0x44431111, 0x44311111, 0x43111111, 0x43111111, 0x43111111, 0x43111111, 0x43111111, 0x34311111,
    0x11111111, 0x11111111, 0x11111111, 0x11111111, 0x11111111, 0x11111111, 0x11113333, 0x11133333,
    0x11111111, 0x11111111, 0x11111111, 0x11111111, 0x11111111, 0x11111111, 0x13333333, 0x33333333,
    0x11111111, 0x11111111, 0x11111111, 0x11111111, 0x11111111, 0x11111133, 0x33333333, 0x33333333,
    0x11111111, 0x11111111, 0x11111111, 0x11111111, 0x11111111, 0x31111111, 0x33331111, 0x33333111,
    0x11114444, 0x11113444, 0x11111344, 0x11111344, 0x11111344, 0x11111344, 0x11111344, 0x11113434,
    0x44444311, 0x44444411, 0x44444431, 0x44444443, 0x44444444, 0x44444444, 0x44444444, 0x44444444,
    0x11111111, 0x11111111, 0x11111111, 0x11113333, 0x31133333, 0x43113333, 0x34333333, 0x43443333,
    0x11111111, 0x11111111, 0x11111333, 0x33333333, 0x33333333, 0x33333333, 0x33333333, 0x33333333,
    0x11111111, 0x11111111, 0x13333333, 0x33333333, 0x33333333, 0x33333333, 0x33333333, 0x33333333,
    0x11111111, 0x11111111, 0x33333331, 0x33333333, 0x33333333, 0x33333333, 0x33333333, 0x33333333,
    0x11111344, 0x11111144, 0x11111144, 0x11111344, 0x31111344, 0x31113444, 0x31134444, 0x33443444,
    0x44444444, 0x33333333, 0x33333333, 0x33333333, 0x33333333, 0x33333333, 0x33333333, 0x33333333,
    0x34311111, 0x34311111, 0x33311111, 0x33431111, 0x33343111, 0x33334311, 0x33333433, 0x33333334,
    0x11111333, 0x11113333, 0x11111333, 0x11111333, 0x11111111, 0x11111111, 0x11111133, 0x43333344,
    0x33333333, 0x33333333, 0x33333333, 0x33333333, 0x13333331, 0x33333333, 0x43333334, 0x33333333,
    0x33333333, 0x33333333, 0x33333333, 0x33333333, 0x11133333, 0x33333333, 0x44433333, 0x33333333,
    0x33333333, 0x33333333, 0x33333333, 0x33333333, 0x33333333, 0x33333333, 0x33333333, 0x33333333,
    0x33311111, 0x33311111, 0x33311113, 0x33111134, 0x33333343, 0x33444333, 0x33333333, 0x33333333,
    0x34344444, 0x34333333, 0x43333333, 0x33333333, 0x33333333, 0x33333333, 0x33333333, 0x33333333,
    0x44331111, 0x33443111, 0x33334333, 0x33333444, 0x33333333, 0x33333333, 0x33333333, 0x33333333,
    0x11333333, 0x11133333, 0x33333333, 0x44433333, 0x33333333, 0x33333333, 0x33333333, 0x33333333,
    0x33333111, 0x33333111, 0x33331111, 0x33333333, 0x33333444, 0x33333333, 0x33333333, 0x33333333,
    0x11114444, 0x11134333, 0x13443333, 0x44333333, 0x33333333, 0x33333333, 0x33333333, 0x33333333,
    0x44344433, 0x33333333, 0x33333333, 0x33333333, 0x33333333, 0x33333333, 0x33333333, 0x33333333,
    0x34433333, 0x33334444, 0x33333333, 0x33333333, 0x33333333, 0x33333333, 0x33333333, 0x33333333,
    0x33333333, 0x34433334, 0x33333333, 0x33333333, 0x33333333, 0x33333333, 0x33333333, 0x33333333,
    0x33333333, 0x43333343, 0x33333333, 0x33333333, 0x33333333, 0x33333333, 0x33333333, 0x33333333,
    0x44434444, 0x33333333, 0x33333333, 0x33333333, 0x33333333, 0x33333333, 0x33333333, 0x33333333,
    0x33333333, 0x33333333, 0x33333333, 0x33333333, 0x33333333, 0x33333333, 0x33333333, 0x33333377,
    0x33333333, 0x33333333, 0x33333333, 0x33333333, 0x33333377, 0x33377777, 0x77777777, 0x77777777,
    0x33333333, 0x33333333, 0x33333333, 0x37777777, 0x77777777, 0x77777777, 0x77777777, 0x77777777,
    0x33333333, 0x33333333, 0x33333333, 0x77777777, 0x77777777, 0x77777777, 0x77777777, 0x77777777,
    0x33333333, 0x33333333, 0x33333333, 0x77777773, 0x77777777, 0x77777777, 0x77777777, 0x77777777,
    0x33333333, 0x33333333, 0x33333333, 0x33333333, 0x77777333, 0x77777777, 0x77777777, 0x77777777,
    0x33333333, 0x33333333, 0x33333333, 0x33333333, 0x33333333, 0x77777777, 0x77777777, 0x77777777,
    0x33333333, 0x33333333, 0x33333333, 0x33333333, 0x37777777, 0x77777777, 0x77777777, 0x77777777,
    0x33333333, 0x33333333, 0x33333333, 0x33333333, 0x77777777, 0x77777777, 0x77777777, 0x77777777,
    0x33333333, 0x33333333, 0x33333333, 0x33333333, 0x73333333, 0x77777333, 0x77777777, 0x77777777,
    0x33333333, 0x33333333, 0x33333333, 0x33333333, 0x33333333, 0x33333333, 0x33333333, 0x77333333,
    0x33333333, 0x33333333, 0x33333333, 0x33333333, 0x33333333, 0x33333333, 0x37733333, 0x7CC73333,
    0x33337777, 0x33777777, 0x37777777, 0x77777777, 0x77777777, 0x77777777, 0x77777777, 0x77777777,
    0x77777777, 0x77777777, 0x77777777, 0x77777777, 0x77777777, 0x77777777, 0x77777777, 0x77777777,
    0x77777777, 0x77777777, 0x77777777, 0x77777777, 0x77777777, 0x77777777, 0x77777777, 0xCC777777,
    0x77773333, 0x77777733, 0x77777777, 0x77777777, 0x77777777, 0x77777777, 0x77777777, 0x77777777,
    0x33333333, 0x33333333, 0x33333333, 0x77333333, 0x77733333, 0x77777333, 0x77777733, 0x77777777,
    0x33333333, 0x33377333, 0x337CC933, 0x33CCCC33, 0x33CCCC73, 0x39CCCCC3, 0x3BFCCCC3, 0x3CFCCCC3,
    0x33333333, 0x33333333, 0x33333339, 0x3333333C, 0x3397333C, 0x37FC337C, 0x3CCC339C, 0x7CCC739C,
    0xCCCC3333, 0xCCCC3333, 0xCCCC9333, 0xFCCFC333, 0xFCCCC333, 0xCCCCC733, 0xCCCCC933, 0xCCCCC733,
    0x33333333, 0x33333333, 0x33333333, 0x33333333, 0x33333333, 0x33333333, 0x33777777, 0x77777777,
    0x33333333, 0x33333333, 0x33333333, 0x33333333, 0x33333333, 0x33337777, 0x77777777, 0x77777777,
    0x33333333, 0x33333333, 0x33333333, 0x33333777, 0x77777777, 0x77777777, 0x77777777, 0x77777777,
    0x33333337, 0x33333777, 0x33777777, 0x77777777, 0x77777777, 0x77777777, 0x77777777, 0x77777777,
    0x77CC7777, 0x7CCCC777, 0x7CCCC777, 0x7CCCCCCC, 0xCFCCCCCC, 0xCCCCCCCC, 0xCCCCCCCC, 0xCCCCCCCC,
    0x7CC77777, 0xCCCC7777, 0xCCCC7777, 0xCCCC7777, 0xCCCC7777, 0xCCCCC777, 0xCCCCC777, 0xCCCC7777,
    0x77777777, 0x777777CC, 0x777777CC, 0x77777CCC, 0x77777CCC, 0x77777CFC, 0x77777CCC, 0x77777CCC,
    0x77777777, 0x77777777, 0xC7777777, 0xC7777777, 0xC7777777, 0xC7777777, 0xCC777777, 0xC7777777,
    0x7777777C, 0x7777777C, 0x777777CC, 0x777777CC, 0x777777CC, 0x777777CC, 0x77777CCC, 0x77777CCC,
    0xCCC77777, 0xCCC77777, 0xCCC77777, 0xCCCC7777, 0xCCFC7777, 0xCCCC7777, 0xCCCC7777, 0xCCCC7777,
    0x73333333, 0x77733333, 0x77773333, 0x77777333, 0x77777773, 0x77777777, 0x77777777, 0x77777777,
    0x33333333, 0x33333333, 0x33333333, 0x33333333, 0x33333333, 0x33333333, 0x73333333, 0x77733333,
    0x33333333, 0x33333333, 0x33333333, 0x33333333, 0x33333397, 0x33333CCC, 0x33337CCC, 0x33337CCC,
    0x33333333, 0x33333333, 0x33333333, 0x33333333, 0x33333333, 0x73333333, 0xC3333333, 0xC3333333,
    0x33333333, 0x33333333, 0x33333333, 0x33333333, 0x33333333, 0x33333333, 0x33333333, 0x33333337,
    0x3CCCCCC7, 0x7CCCCCC7, 0x3CCCCCC7, 0x39CCCCC3, 0x33CCCC77, 0x333CCCCC, 0x377CFC7C, 0x7C7CCC7C,
    0x7FCF937C, 0x7CCCC339, 0x7CCC9373, 0x3CCCCCCC, 0xCCFC7CCC, 0xCCCC7CCC, 0xCC77CCCC, 0xCCCCCCCC,
    0xCCFCC433, 0xCCCCC377, 0x9CCC7777, 0xCCCC7777, 0xCCFC7CC7, 0xCCCCCCCC, 0xC77CCCCC, 0xCCCCCCCC,
    0x33777777, 0x77777777, 0x77777777, 0x77777777, 0x77777777, 0xC7777777, 0xCCC77777, 0xCCCCC777,
    0xCCCCCCCC, 0xCCCCCCCC, 0x7CCCCCCC, 0x77CCCCC7, 0x77CFCCCC, 0x77CCC77C, 0xCCCCCCCC, 0xCCCCCCCC,
    0xCCCC7CCC, 0x7CC7CCCC, 0xCCC7CCCC, 0xCCCCCCCC, 0xCCCCCCCC, 0xCCCCCCCC, 0xCCCCCCCC, 0xCCCCCCCC,
    0xCCCCCCCC, 0xCCCCCCCC, 0xCCCCCCCC, 0xCCCCCCCC, 0xCCCCCCCC, 0xCCCCCCCC, 0xCCCCCCCC, 0xCCCCCCCC,
    0xCC777777, 0xCCCCCCCC, 0xCCCCCCCC, 0xCCCCCCCC, 0xCCCCCCCC, 0xCCCCCCCC, 0xCCCCCCCC, 0xCCCCCCCC,
    0x77777777, 0x77777777, 0xCCCCCCCC, 0xCCCCCCCC, 0xCCCCCCCC, 0xCCCCCCCC, 0xCCCCCCCC, 0xCCCCCCCC,
    0x77777CCC, 0xCCCCC7CC, 0xCCCCC7CC, 0xCCCCCC77, 0xCCCCCCCC, 0xCCCCCCCC, 0xCCCCCCCC, 0xCCCCCCCC,
    0xC7777777, 0xCCCCCCCC, 0xCCCCCCCC, 0xCCCCCCCC, 0xCCCCCCCC, 0xCCCCCCCC, 0xCCCCCCCC, 0xCCCCCCCC,
    0x777777CC, 0xCC7777CC, 0xCCCCC7CC, 0xCCCCCC7C, 0xCCCCCCCC, 0xCCCCCCCC, 0xCCCCCCCC, 0xCCCCCCCC,
    0xCCCC7777, 0xCCCC7777, 0xCCC77777, 0xCC777777, 0xFC777777, 0xCC7C7777, 0x77CCC777, 0xCCCCCCC7,
    0x77773333, 0x77777733, 0x77777773, 0x77777777, 0x77777777, 0x77777777, 0x77777777, 0x77777777,
    0x33333333, 0x339C3333, 0x37CC9333, 0x39CCC333, 0x7CCCC333, 0xCFCCF733, 0xCFCCC933, 0xCCCCCC77,
    0x33339CCC, 0x3333CCCC, 0x3333CCCC, 0x3337CCCC, 0x3339FCCC, 0x333CCCCC, 0x3339CCCC, 0x3377CCCC,
    0xC7333333, 0xF9333333, 0xF9333333, 0xCC333333, 0xCC333333, 0xC7333333, 0x9337777C, 0x7CCCCCCC,
    0x33333333, 0x33333333, 0x33333333, 0x33333377, 0x333377CC, 0x777CCCCC, 0xCCCCCCCC, 0xCCCCCCCC,
    0x3333377C, 0x33377CCC, 0x377CCCCC, 0xCCCCCCCC, 0xCCCCCCCC, 0xCCCCCCCC, 0xCCCCCCCC, 0xCCCCCCCC,
    0xCCCCCC77, 0xCCCCCCC7, 0xCCCCCCCC, 0xCCCCCCCC, 0xCCCCCCCC, 0xCCCCCCCC, 0xCCCCCCCC, 0xCCCCCCCC,
    0x77777777, 0x77777777, 0xC7777777, 0xCC777777, 0xCCCC7777, 0xCCCCC777, 0xCCCCCC77, 0xCCCCCCC7,
    0x77777777, 0x77777777, 0x77777777, 0x77777777, 0x77777777, 0x7777C777, 0x777CCC77, 0x777CCC77,
    0xC7777777, 0xCC777777, 0xCCC77777, 0xCCCC7777, 0xCCCCCC77, 0xCCCCCCC7, 0xCCCCCCCC, 0xCCCCCCCC,
    0x77777777, 0x77777777, 0x77777777, 0x77777777, 0x77777777, 0x77777777, 0x7777777C, 0x7777777C,
    0x77777777, 0x77777777, 0x77777777, 0x77777777, 0x77777777, 0xC7777777, 0xCC777777, 0xCC777777,
    0x77777777, 0x77777777, 0x77777777, 0x77777777, 0x77777777, 0x777777CC, 0x7777CCCC, 0x77CCCCCC,
    0xCCCCCC77, 0x7CCCC777, 0x7CCCC7CC, 0x77CC7CCC, 0xCCCC7CCC, 0xCCCCCCCC, 0xCCCCCCCC, 0xCCCCCCCC,
    0x7737777C, 0x77CCCCCC, 0xCCCCCCCC, 0xCCCCCCCC, 0xCCCCCCCC, 0xCCCCCCCC, 0xCCCCCCCC, 0xCCCCCCCC,
    0xCCC7CCFC, 0xCCC7CCCC, 0xCCCC7777, 0xCCCCCCCC, 0xCCCCCCCC, 0xCCCCCCCC, 0xCCCCCCCC, 0xCCCCCCCC,
    0x7CCCCCCC, 0x7CCCCCCC, 0xCCCCCCCC, 0xCCCCCCCC, 0xCCCCCCCC, 0xCCCCCCCC, 0xCCCCCCCC, 0xCCCCCCCC,
    0xC7CFCFC7, 0xC7CCCCC7, 0xC7CCCCC7, 0xCCCCCC77, 0xCC7CCC77, 0xCC7CCCC7, 0xCCCC7CCC, 0xCCCCCCCC,
    0x777777CC, 0x77777CCC, 0x77777CCC, 0x77777CCC, 0x7777CFCC, 0x7777CCCC, 0x7777CCCC, 0xCC77CCCC,
    0xC7777777, 0xC777777C, 0xC777777C, 0xCC7777CC, 0xFC7777CC, 0xCC7777CC, 0xCC7777CC, 0xCC7777CC,
    0xCC777777, 0xCCC77777, 0xCCC77777, 0xCCCC7777, 0xCCFC7777, 0xCCFC7777, 0xCCCC7777, 0xCCCC7777,
    0xCCC77777, 0xCCCC7777, 0xCCCCCC77, 0xCCCCCCC7, 0xCCCCCCCC, 0xCCCCCCCC, 0xCCCCCCCC, 0xCCCCCCCC,
    0x77777777, 0x77777777, 0x77777777, 0x77777777, 0x77777777, 0xCC777777, 0xCCCCC777, 0xCCCCCCC7,
    0x777777CC, 0x777777CF, 0x777777CC, 0x777777CC, 0x7777777C, 0x7777777C, 0x77777C7C, 0x777CCCC7,
    0xCC777777, 0xCC77777C, 0xCCC77CCC, 0xCCC7CCCC, 0xCCCCCCCC, 0xCC7CCCCC, 0xCCCCCCCC, 0x7CCCCCCC,
    0x7CCCCCCC, 0xCCCCCCCC, 0xCCCCCCCC, 0xCCCCCCCC, 0xCCCCCCCC, 0xCCCCCCCC, 0xCCCCCCCC, 0xCCCCCCCC,
    0xCCC7CCCC, 0xCCCCCCCC, 0xCCCCC7CC, 0xCCCCC7CC, 0xCCCCCCCC, 0xCCCCCCCC, 0xCCCCCCCC, 0xCCCCCCCC,
    0xCC7777CC, 0xC77777CC, 0x7777777C, 0xCCCC7777, 0xCCCCCCCC, 0xCCCCCCCC, 0xCCCCCCCC, 0xCCCCCCCC,
    0xCCCC7777, 0xCCCC7777, 0xCCC77777, 0xCC7777CC, 0xFC7CCCCC, 0xCC7CCCCC, 0x77CCCCCC, 0xCCCCCCCC,
    0x00000000, 0x00000000, 0x00000000, 0x00000000, 0x00000000, 0x00000000, 0x000000EE, 0x00000EEE,
    0x00000000, 0x00000000, 0x00000000, 0x00000000, 0x00000000, 0x00000000, 0xEEEEEEE0, 0xEEEEEEEE,
    0x00000000, 0x00000000, 0x00000000, 0x00000000, 0x00000000, 0x00000000, 0x00000EEE, 0x0000EEEE,
    0x00000000, 0x00000000, 0x00000000, 0x00000000, 0x00000000, 0x00000000, 0xEEEEE000, 0xEEEEEE00,
    0x00000000, 0x00000000, 0x00000000, 0x00000000, 0x00000000, 0x00000000, 0x00EEEEE0, 0x0EEEEEEE,
    0x00000000, 0x00000000, 0x00000000, 0x00000000, 0x00000000, 0x00000000, 0x0000EEEE, 0x0000EEEE,
    0x00000000, 0x00000000, 0x00000000, 0x00000000, 0x00000000, 0x00000000, 0xEEEEEEEE, 0xEEEEEEEE,
    0x00000000, 0x00000000, 0x00000000, 0x00000000, 0x00000000, 0x00000000, 0xE000EEEE, 0xEEEEEEEE,
    0x00000000, 0x00000000, 0x00000000, 0x00000000, 0x00000000, 0x00000000, 0x0EEEEEEE, 0x0EEEEEEE,
    0x00000000, 0x00000000, 0x00000000, 0x00000000, 0x00000000, 0x00000000, 0xEEE00000, 0xEEEE0000,
    0x00000000, 0x00000000, 0x00000000, 0x00000000, 0x00000000, 0x00000000, 0x0000EEEE, 0x00EEEEEE,
    0x00000000, 0x00000000, 0x00000000, 0x00000000, 0x00000000, 0x00000000, 0xEEEEE000, 0xEEEEEEE0,
    0x00000EE2, 0x00000EEE, 0x000000EE, 0x0000000E, 0x0000000E, 0x0000000E, 0x0000000E, 0x0000000E,
    0x222222EE, 0xE22222EE, 0xE222222E, 0xE222222E, 0xE22E2222, 0xE22E2222, 0xE22EE222, 0xE22EE222,
    0x000EEE22, 0x000EE222, 0xE00EE222, 0xE0EE2222, 0xEEEE2E22, 0xEEE22E22, 0x2EE2EE22, 0x2E22EE22,
    0x2222EE00, 0x22EEEE00, 0x22EEE000, 0x22EE0000, 0x22EE000E, 0x22EE000E, 0x22EE00EE, 0x22EE00EE,
    0x0EE222EE, 0x0EE2222E, 0xEE22222E, 0xEE22222E, 0xE22E2222, 0xE22E2222, 0xE2EEE222, 0x22E0E222,
    0x000EEE22, 0xE000EEE2, 0xE000EEE2, 0xEE000EE2, 0xEE000EE2, 0xEE000EE2, 0x2EE00EE2, 0x2EE00EE2,
    0x22222222, 0x222EEE22, 0x222EEEE2, 0x222EEEE2, 0x222EEEE2, 0x222EEEE2, 0x2222E222, 0x22222222,
    0x2EEEE222, 0x22EEE22E, 0x222EE22E, 0x222EEEEE, 0x222EEEEE, 0x222EE000, 0x2EEE0000, 0xEEEE0000,
    0x22222222, 0xEEE2222E, 0xEEE222EE, 0xEEE222EE, 0xEEE222EE, 0x0EE222EE, 0x0EE222EE, 0x0EE222EE,
    0x2222E222, 0xEE22EEE2, 0xEEE2EEE2, 0xEEEEEEE2, 0xEEEEEEE2, 0x00000EE2, 0xE0000EE2, 0xE0000EE2,
    0x22222222, 0x222EEEEE, 0x222EEEEE, 0x222EEEEE, 0x222EEEE2, 0x222EEE22, 0x22222222, 0x222EEE22,
    0x22EE2222, 0xE2EEEE22, 0xE2EEEE22, 0xEEEEEE22, 0xEEEEEE22, 0xEE00EE22, 0xEE00EE22, 0xEE00EE22,
    0x2222EE00, 0x22EEEE00, 0x22EEE000, 0x22EE0000, 0x22EE0000, 0x22EE0000, 0x22EE0000, 0x22EE0000,
    0x0EE22222, 0x0EEE2222, 0x0EEEE222, 0x00EEE222, 0x00EEE222, 0x00EEE222, 0x00EEE222, 0x000EE222,
    0x22EE0000, 0xEEEE0000, 0xEEE00000, 0xEE00000E, 0xEE00000E, 0xEE00000E, 0xEE00000E, 0xEE00000E,
    0x0EEEE222, 0xEEE2222E, 0xEE2222EE, 0xE2222EEE, 0xE2222EE0, 0xE2222EE0, 0xE2222EE0, 0xE2222EE0,
    0x22222EEE, 0xEEE222EE, 0xEEEE222E, 0x00EE2222, 0x00EE2222, 0x00EE2222, 0x00EE2222, 0x00EE2222,
    0x00000000, 0xE0000000, 0xEE000000, 0xEE000000, 0xEE000000, 0x2EE00000, 0x2EE00000, 0x2EE00000,
    0x0000000E, 0x0000000E, 0x0000000E, 0x000000EE, 0x00000EEE, 0x00000EE2, 0x000000EE, 0x000000EE,
    0xE22EEE22, 0xE22EEE22, 0xE22EEEE2, 0xE22EEEE2, 0xE22EEEEE, 0x2222EEEE, 0xEEEEEE00, 0xEEEEEE00,
    0x222EEE22, 0x222EEE22, 0x22EEEE22, 0x22EEEE22, 0xEEEEEE22, 0xEEEE2222, 0x000EEEEE, 0x000EEEEE,
    0x22EE00EE, 0x22EE0EE2, 0x22EEEEE2, 0x22EEEE22, 0x22EEEE22, 0x2222E222, 0xEEEEEEEE, 0xEEEEEEEE,
    0x2EEEE222, 0x22222222, 0xEEEEEE22, 0xEEEEEEE2, 0xEEE0EEE2, 0x2EE0EE22, 0xEEE0EEEE, 0xEE000EEE,
    0x22EE0EE2, 0x22EE0EE2, 0x22EEEEE2, 0x222EEEE2, 0x222EEEE2, 0x22222E22, 0xEEEEEEEE, 0xEEEEEEEE,
    0x222EEE22, 0x222EEE22, 0x222EEEE2, 0x222EEEE2, 0x222EEEEE, 0x22222EEE, 0xEEEEEEEE, 0xEEEEEE00,
    0x22EE0000, 0x22EE0000, 0x222EE000, 0x222EEEEE, 0x2222EEEE, 0x22222EEE, 0xEEEEEEEE, 0xEEEEEE00,
    0x0EE222EE, 0x0EE222EE, 0x0EE222EE, 0xEEE222EE, 0xEEE2222E, 0xE2222222, 0xEEEEEEEE, 0xEEEEEEEE,
    0xE0000EE2, 0x00000EE2, 0xE0000EE2, 0xEE00EEE2, 0xEE0EEEE2, 0xEEEEE222, 0xEE0EEEEE, 0xEE00EEEE,
    0x222EEEE2, 0x222EEEEE, 0x222EEEEE, 0x222EEEEE, 0x222EEEEE, 0x22222222, 0xEEEEEEEE, 0xEEEEEEEE,
    0xEE00EE22, 0xEEEEEE22, 0xEEEEEE22, 0xE2EEEE22, 0xE2EEEE22, 0x22EE2222, 0xEEEEEEEE, 0xEEEEEEEE,
    0x22EE0000, 0x22EE00EE, 0x22EE00EE, 0x22EEEEEE, 0x22EEEEEE, 0x22222222, 0xEEEEEEEE, 0xEEEEEEEE,
    0xE0EEE222, 0xEEEEE222, 0x2EEEE222, 0x2EEEE222, 0x2EEE2222, 0x2EE22222, 0xEEEEEEEE, 0xEEEEEEEE,
    0xEE0000EE, 0xEE00EEEE, 0xEEE0EE2E, 0xEEEEEE22, 0x2EEEEE2E, 0x2222222E, 0xEEEEEEEE, 0xEEEEEEEE,
    0xE2222EE0, 0xE2222EE0, 0xEE222EEE, 0xEE2222EE, 0xEEE2222E, 0xEEEEE222, 0xE00EEEEE, 0xE0000EEE,
    0x00EE2222, 0x00EE2222, 0x00EE2222, 0xEEEE222E, 0xEEE222EE, 0x2222EEEE, 0xEEEEEEE0, 0xEEEEE000,
    0x2EE00000, 0xEE000000, 0xEE000000, 0xEE000000, 0xE0000000, 0x00000000, 0x00000000, 0x00000000,
    0x00000000, 0x00000000, 0x00000000, 0x00000000, 0x00000000, 0x0000000E, 0x0000000E, 0x0000000E,
    0x00000000, 0x00000000, 0x0000EEEE, 0x0EEEEEEE, 0xEEEE2222, 0xEE212EE2, 0xE222EEEE, 0xE222EEEE,
    0x00000000, 0x00000000, 0xE0000000, 0xEEEE0000, 0x2EEE0000, 0x22EE0000, 0x21EE0000, 0xEEEE0000,
    0x00000000, 0x00000000, 0x00000000, 0x00000000, 0x00000000, 0x0000000E, 0x0000000E, 0x000000EE,
    0x00000000, 0x00000000, 0x000EEEEE, 0x0EEEEEEE, 0xEEE22222, 0xEE222EEE, 0xE22EEEEE, 0x222EEEEE,
    0x00000000, 0x00000000, 0xE0000000, 0xEEEEE000, 0x2EEEE00E, 0x211EE0EE, 0xE21EEEEE, 0xEE2EEEE2,
    0x00000000, 0x00000000, 0x0000EEEE, 0x0EEEEEEE, 0xEEEE2222, 0xE2212EEE, 0x2222EEEE, 0x122EEE00,
    0x00000000, 0x00000000, 0xE0000000, 0xEEEEE000, 0x2EEEEE00, 0x2222EE00, 0xEE22EE00, 0xEE21EE00,
    0x00000000, 0x00000000, 0x0000EEE0, 0x00EEEEEE, 0x00EE22EE, 0x0EEE112E, 0x0EE2222E, 0x0EE22222,
    0x00000000, 0x00000000, 0x0000EEEE, 0x000EEEEE, 0xE0EEE222, 0xE0EE2222, 0xEEEE22EE, 0xEEEE22EE,
    0x00000000, 0x00000000, 0xEEEEEEEE, 0xEEEEEEEE, 0x22222222, 0x22121222, 0xEE2222EE, 0xEE2222EE,
    0x00000000, 0x00000000, 0xEEE00000, 0xEEEEE0EE, 0x222EEEEE, 0x222EEEE2, 0xEE2EEE22, 0xEE2EE222,
    0x00000000, 0x00000000, 0x0EEEEEE0, 0xEEEEEEEE, 0xE222222E, 0x212EE212, 0x2EEEEEE2, 0x2EE00EE2,
    0x00000000, 0x00000000, 0x000000EE, 0xEE00EEEE, 0xEEE0EE22, 0x2EEEEE22, 0x22EEEEEE, 0x222EEEEE,
    0x00000000, 0x00000000, 0xEEEEE000, 0xEEEEEEE0, 0x22222EE0, 0x12122EE0, 0x222EEEE0, 0x222EEE00,
    0x00000000, 0x00000000, 0x0000EEEE, 0x00EEEEEE, 0x00EE2222, 0x00EE2222, 0x00EEEE22, 0x0000EE22,
    0x00000000, 0x00000000, 0xEEEEEEEE, 0xEEEEEEEE, 0x22222222, 0x12222222, 0x22EEEEEE, 0x22EEEEEE,
    0x00000000, 0x00000000, 0xE0000000, 0xEEE00000, 0x2EE00000, 0x1EE00000, 0x1EE00000, 0x2EE00000,
    0x0000000E, 0x0000000E, 0x000000EE, 0x00000EE2, 0x00000EE2, 0x0000EEE2, 0x0000EE22, 0x00000EE1,
    0xE2222EEE, 0xEE2222EE, 0xE222222E, 0x11EE2222, 0x22EEE222, 0x22EEEE22, 0x22EEEEE2, 0x222EEEEE,
    0xEEEEEEEE, 0xEEEEEEEE, 0xEE22222E, 0xEEEE22EE, 0x2EEE2EEE, 0x22E22EE0, 0x2222EEE0, 0x2222EEEE,
    0xE00000EE, 0xE00000EE, 0xE00000EE, 0xE000000E, 0x0000000E, 0x0000000E, 0x000000EE, 0x000000EE,
    0x2222EEEE, 0x222222EE, 0xE1222222, 0xEE222222, 0xEEEE2222, 0xEEEEEEEE, 0xEEEEEEEE, 0x21EEE0EE,
    0xEEEEEEE2, 0xEEEEEEE2, 0x22EEEE22, 0x222EEE22, 0x2222EE22, 0x2222EEE2, 0xE222EEE2, 0xE222EEE2,
    0x222EE000, 0x222EE000, 0x222EE000, 0x222EE000, 0x222EE000, 0x222EE000, 0x222EE000, 0x122EEE0E,
    0x0EE2EE00, 0x0EEEEE00, 0x00EEE00E, 0x0000000E, 0x00EEE0EE, 0x0EEEEEEE, 0xEEE2EEEE, 0xEE21EEE2,
    0xEE222222, 0xEE2EE222, 0xEE2EE222, 0xE22EEE12, 0xE2EEEE22, 0x22222222, 0x2EEEEEE2, 0x2EEEEEE2,
    0xEEEEEEEE, 0x2EEEEEE0, 0x2EE00000, 0x22EE0000, 0x22EE0000, 0x22EEE000, 0x222EE000, 0x222EEE0E,
    0xEE2222EE, 0xEE2222EE, 0xEE2222EE, 0xEE2222EE, 0xEE2222EE, 0xEE2222EE, 0xEE2222EE, 0xEE2222EE,
    0xEEEEE122, 0x0EEE2222, 0x00EE2222, 0x00EE2222, 0x00EE2222, 0x00EE2222, 0x00EEE222, 0x000EE222,
    0x2EE00EE2, 0xEE0000EE, 0xEE0000EE, 0xEE0000EE, 0xEE0000EE, 0xEE0000EE, 0x2EE00EE2, 0x2EEEEEE2,
    0x221EEEEE, 0x2222EEEE, 0x2222EEEE, 0x2222EEEE, 0x2222EEEE, 0x2222EEEE, 0x222EEEEE, 0x222EEEEE,
    0x222EE000, 0x222EE000, 0x222EE000, 0x222EE000, 0x222EE000, 0x222EE000, 0x222EE00E, 0x222EEEEE,
    0x0000EE22, 0x0000EE22, 0x0000EE22, 0x0000EE22, 0x0000EE22, 0xEEEEEE22, 0xEEEEEE22, 0xE22EEE22,
    0x22EEEE2E, 0x22EEE22E, 0x2222222E, 0x22EEE22E, 0x22EEEE2E, 0x22EEEEEE, 0x22EEEEEE, 0x22EEEEEE,
    0xEEE00000, 0xEE000000, 0xE0000000, 0xE0000000, 0xE0000000, 0xEE000000, 0xEEE00000, 0x2EE00000,
    0x00000EE2, 0x00000EEE, 0x000000EE, 0x00000000, 0x00000000, 0x00000000, 0x00000000, 0x00000000,
    0x122EEEEE, 0x22212221, 0xEEE222EE, 0xEEEEEEEE, 0x000EEE00, 0x00000000, 0x00000000, 0x00000000,
    0x21222EEE, 0x2E21122E, 0xEEEEEEEE, 0xEEEEEEEE, 0x00000000, 0x00000000, 0x00000000, 0x00000000,
    0xE00000EE, 0xEE0000EE, 0xEE00000E, 0xE0000000, 0x00000000, 0x00000000, 0x00000000, 0x00000000,
    0x212EEEEE, 0xE2222222, 0xEEEE2222, 0xEEEEEEEE, 0x00000EEE, 0x00000000, 0x00000000, 0x00000000,
    0xE212EEEE, 0x222EE00E, 0xEEEEE000, 0xEEE00000, 0x00000000, 0x00000000, 0x00000000, 0x00000000,
    0x2122EEEE, 0xEE212222, 0xEEEEE222, 0x0EEEEEEE, 0x00000EEE, 0x00000000, 0x00000000, 0x00000000,
    0xE21EEEE2, 0x22EEEE22, 0xEEEEEEEE, 0xEEE0EEEE, 0x00000000, 0x00000000, 0x00000000, 0x00000000,
    0xEEEEEEEE, 0x22EE0EE2, 0xEEEE0EEE, 0xEEE00EEE, 0x00000000, 0x00000000, 0x00000000, 0x00000000,
    0x2222EEEE, 0x22222EEE, 0xEEEEEEEE, 0xEEEEEEEE, 0x00000000, 0x00000000, 0x00000000, 0x00000000,
    0xEE2222EE, 0x2212122E, 0xEEEEEEEE, 0xEEEEEEEE, 0x00000000, 0x00000000, 0x00000000, 0x00000000,
    0xE00EEE22, 0xEE00EEE2, 0xEE000EEE, 0xE000000E, 0x00000000, 0x00000000, 0x00000000, 0x00000000,
    0x22EEEE22, 0x21222212, 0xEE2222EE, 0xEEEEEEEE, 0x000EE000, 0x00000000, 0x00000000, 0x00000000,
    0x22EEEEEE, 0x2EEEEE22, 0xEEE0EEEE, 0xE000EEEE, 0x00000000, 0x00000000, 0x00000000, 0x00000000,
    0x222EEEEE, 0x12222222, 0xEEEEEEEE, 0xEEEEEEEE, 0x00000000, 0x00000000, 0x00000000, 0x00000000,
    0xE22EEE22, 0x212E2222, 0xEEEEEEEE, 0xEEEEEEEE, 0x00000000, 0x00000000, 0x00000000, 0x00000000,
    0x22EEEEEE, 0x22222222, 0xEEEEEEEE, 0xEEEEEEEE, 0x00000000, 0x00000000, 0x00000000, 0x00000000,
    0x2EE00000, 0x1EE00000, 0xEEE00000, 0xEEE00000, 0x00000000, 0x00000000, 0x00000000, 0x00000000,
    0x00000000, 0x00000000, 0x00000000, 0x00000000, 0x00000000, 0x0000000E, 0x0000000E, 0x00000000,
    0x00000000, 0x00000000, 0x0000EEEE, 0xEEEEE2EE, 0x2212E2E2, 0x10E2E2E2, 0x1E22E2E2, 0xE222EEEE,
    0x00000000, 0x00000000, 0x00000000, 0x000E2EEE, 0x00E1EE21, 0x00E22E22, 0x00EE2121, 0x00E22E21,
    0x00000000, 0x00000000, 0x000E000E, 0xEEEEEEEE, 0xE2E1E12E, 0x01E2E10E, 0xE1E1E10E, 0x2EEEEE0E,
    0x00000000, 0x00000000, 0xEEE00000, 0xEE1EEE2E, 0x2E1EE2E2, 0x2E2E21E1, 0x2E1E22EE, 0xEE22E222,
    0x00000000, 0x00000000, 0x0EEEEE00, 0xE1E1EE00, 0xE2E2E200, 0xE2E2E200, 0xE1E1E100, 0xEEEEEE00,
    0x00000000, 0x00000000, 0x00000000, 0x0EEE00E2, 0xE122EE12, 0x02EE2220, 0x01E22E2E, 0x0EEEEE22,
    0x00000000, 0x00000000, 0x00000000, 0xE0EEE000, 0x2E1E1E00, 0x1E2E2200, 0x1E1E2200, 0xEEE0EE00,
    0x00000000, 0x00000000, 0x0000EE00, 0x0E2EEE00, 0x22EE2E00, 0xE22E2E00, 0xEE122200, 0xE22EEE00,
    0x00000000, 0x00000000, 0x00000000, 0xEEEE0EEE, 0xE1E1E12E, 0x2202E2E2, 0x21E1E2EE, 0x212EEE00,
    0x00000000, 0x00000000, 0x00000000, 0xE2E0EEE0, 0x2E1E122E, 0x1E1E2EE2, 0x1EEE1EE2, 0xE22EEEEE,
    0x00000000, 0x00000000, 0x000EE000, 0x0EE1EE2E, 0xE1E1E222, 0x2202E10E, 0xE2E1E1E2, 0xE222EE22,
    0x00000000, 0x00000000, 0x00000000, 0x0EEEE0E2, 0xE2122E1E, 0x222E2E20, 0x222E1E1E, 0xEEE0EEE2,
    0x00000000, 0x00000000, 0x00000000, 0xE000EEE0, 0x1E00EE22, 0x2200E221, 0x1E0022E1, 0x2000E22E,
    0x00000000, 0x00000000, 0x00000000, 0x000EEEEE, 0x0001222E, 0x0002EE2E, 0x0001E22E, 0x000EEEEE,
    0x00000000, 0x00000000, 0x00000000, 0xE0E2E0EE, 0x1EEE1E22, 0x1E221E2E, 0x1E1E1E2E, 0xEE222EEE,
    0x00000000, 0x00000000, 0x00EE0000, 0xEEEE000E, 0x22E200E1, 0xE2E20001, 0xE2E20001, 0xEEEE000E,
    0x00000000, 0x00000000, 0x00000000, 0xEE0EE0E0, 0x22EE2E2E, 0xEE22202E, 0xE22E2E1E, 0x0EEE222E,
    0x00000000, 0x00000000, 0x00EE0000, 0xEE220E2E, 0x1E1EE2E2, 0x202E1221, 0x1E1222EE, 0xE22EE22E,
    0x00000000, 0x00000000, 0x00000000, 0x00000000, 0x00000000, 0xE0000000, 0x00000000, 0x00000000,
    0xE22E0000, 0x0E000000, 0x00000000, 0x00000000, 0x00000000, 0x00000000, 0x00000000, 0x00000000,
    0x0000002E, 0x00000000, 0x00000000, 0x00000000, 0x00000000, 0x00000000, 0x00000000, 0x00000000,
    0xEE000000, 0x00000000, 0x00000000, 0x00000000, 0x00000000, 0x00000000, 0x00000000, 0x00000000,
};

const u16 terrain_cells[] = {
    0x0079, 0x007A, 0x007B, 0x007C, 0x007D, 0x007E, 0x007F, 0x0080,
    0x0081, 0x0082, 0x0083, 0x0084, 0x0085, 0x0086, 0x0087, 0x0088,
    0x0089, 0x008A, 0x008B, 0x008C, 0x008D, 0x008E, 0x008F, 0x0090,
    0x0091, 0x0092, 0x0093, 0x0094, 0x0095, 0x0096, 0x0097, 0x0098,
    0x0099, 0x009A, 0x009B, 0x009C, 0x009D, 0x009E, 0x009F, 0x00A0,
    0x00A1, 0x00A2, 0x00A3, 0x00A4, 0x00A5, 0x00A6, 0x00A7, 0x00A8,
    0x00A9, 0x00AA, 0x00AB, 0x00AC, 0x00AD, 0x00AE, 0x00AF, 0x00B0,
    0x00B1, 0x00B2, 0x00B3, 0x00B4, 0x00B5, 0x00B6, 0x00B7, 0x00B8,
    0x00B9, 0x00BA, 0x00BB, 0x00BC, 0x00BD, 0x00BE, 0x00BF, 0x00C0,
    0x00C1, 0x00C2, 0x00C3, 0x00C4, 0x00C5, 0x00C6, 0x00C7, 0x00C8,
    0x00C9, 0x00CA, 0x00CB, 0x00CC, 0x00CD, 0x00CE, 0x00CF, 0x00D0,
    0x00D1, 0x00D2, 0x00D3, 0x00D4, 0x00D5, 0x00D6, 0x00D7, 0x00D8,
    0x00D9, 0x00DA, 0x00DB, 0x00DC, 0x00DD, 0x00DE, 0x00DF, 0x00E0,
    0x00E1, 0x00E2, 0x00E3, 0x00E4, 0x00E5, 0x00E6, 0x00E7, 0x00E8,
    0x00E9, 0x00EA, 0x00EB, 0x00EC, 0x00ED, 0x00EE, 0x00EF, 0x00F0,
    0x00F1, 0x00F2, 0x00F3, 0x00F4, 0x00B6, 0x00F5, 0x00F6, 0x00F7,
};

const u16 oneway_cell[] = {
    0x00F8, 0x00F9, 0x00FA, 0x00FA,
};

const u16 decor_cells[] = {
    0x00FB, 0x00FC, 0x00FD, 0x00FE, 0x00FF, 0x0100, 0x0101, 0x0102,
    0x0103, 0x0104, 0x0105, 0x0106,
};

const u16 ground_cells[] = {
    0x00FA, 0x00FA, 0x00FA, 0x00FA, 0x00FA, 0x00FA, 0x00FA, 0x00FA,
};

const u16 machine_map[] = {
    0x00FA, 0x00FA, 0x00FA, 0x00FA, 0x00FA, 0x00FA, 0x0107, 0x0108,
    0x00FA, 0x0109, 0x010A, 0x010A, 0x010A, 0x010B, 0x010C, 0x010D,
    0x00FA, 0x010E, 0x010F, 0x010F, 0x010F, 0x010F, 0x010F, 0x0110,
    0x00FA, 0x0111, 0x0112, 0x0113, 0x0114, 0x0115, 0x0112, 0x0116,
    0x0117, 0x0118, 0x0112, 0x0119, 0x011A, 0x011B, 0x0112, 0x0116,
    0x011C, 0x011D, 0x0112, 0x011E, 0x011F, 0x0120, 0x0121, 0x0122,
    0x0123, 0x0124, 0x0125, 0x0126, 0x0127, 0x0127, 0x0128, 0x0129,
    0x012A, 0x012B, 0x012C, 0x012C, 0x012C, 0x012C, 0x012D, 0x012E,
};

const u16 backdrop_map[] = {
    0x02EA, 0x02EA, 0x02EA, 0x02EA, 0x02EA, 0x02EA, 0x02EA, 0x02EA, 0x02EA, 0x02EA, 0x02EA, 0x02EA, 0x02EA, 0x02EA, 0x02EA, 0x02EA,
    0x02EA, 0x02EA, 0x02EA, 0x02EA, 0x02EA, 0x02EA, 0x02EA, 0x02EA, 0x02EA, 0x02EA, 0x02EA, 0x02EA, 0x02EA, 0x02EA, 0x02EA, 0x02EA,
    0x0AEA, 0x0AEA, 0x0AEA, 0x0AEA, 0x0AEA, 0x0AEA, 0x0AEA, 0x0AEA, 0x0AEA, 0x0AEA, 0x0AEA, 0x0AEA, 0x0AEA, 0x0AEA, 0x0AEA, 0x0AEA,
    0x0AEA, 0x0AEA, 0x0AEA, 0x0AEA, 0x0AEA, 0x0AEA, 0x0AEA, 0x0AEA, 0x0AEA, 0x0AEA, 0x0AEA, 0x0AEA, 0x0AEA, 0x0AEA, 0x0AEA, 0x0AEA,
    0x02EA, 0x02EA, 0x02EA, 0x02EA, 0x02EA, 0x02EA, 0x02EA, 0x02EA, 0x02EA, 0x02EA, 0x02EA, 0x02EA, 0x02EA, 0x02EA, 0x02EB, 0x02EC,
    0x02ED, 0x02EE, 0x02EF, 0x02F0, 0x02F1, 0x02F2, 0x02F3, 0x02EA, 0x02EA, 0x02EA, 0x02EA, 0x02EA, 0x02EA, 0x02EA, 0x02EA, 0x02EA,
    0x0AEA, 0x0AEA, 0x0AEA, 0x0AEA, 0x0AEA, 0x0AEA, 0x0AEA, 0x0AEA, 0x0AEA, 0x0AF3, 0x0AF2, 0x0AF1, 0x0AF0, 0x0AEF, 0x0AEE, 0x0AED,
    0x0AEC, 0x0AEB, 0x0AEA, 0x0AEA, 0x0AEA, 0x0AEA, 0x0AEA, 0x0AEA, 0x0AEA, 0x0AEA, 0x0AEA, 0x0AEA, 0x0AEA, 0x0AEA, 0x0AEA, 0x0AEA,
    0x02EA, 0x02EA, 0x02EA, 0x02EA, 0x02EA, 0x02EA, 0x02EA, 0x02EA, 0x02EA, 0x02EA, 0x02EA, 0x02EA, 0x02EA, 0x02F4, 0x02F5, 0x02F6,
    0x02F7, 0x02F8, 0x02F9, 0x02FA, 0x02FB, 0x02FC, 0x02FD, 0x02EA, 0x02EA, 0x02EA, 0x02FE, 0x02FF, 0x02EA, 0x02EA, 0x02EA, 0x02EA,
    0x0AEA, 0x0AEA, 0x0AEA, 0x0AEA, 0x0AFF, 0x0AFE, 0x0AEA, 0x0AEA, 0x0AEA, 0x0AFD, 0x0AFC, 0x0AFB, 0x0AFA, 0x0AF9, 0x0AF8, 0x0AF7,
    0x0AF6, 0x0AF5, 0x0AF4, 0x0AEA, 0x0AEA, 0x0AEA, 0x0AEA, 0x0AEA, 0x0AEA, 0x0AEA, 0x0AEA, 0x0AEA, 0x0AEA, 0x0AEA, 0x0AEA, 0x0AEA,
    0x02EA, 0x02EA, 0x02EA, 0x02EA, 0x02EA, 0x02EA, 0x02EA, 0x02EA, 0x02EA, 0x02EA, 0x02EA, 0x02EA, 0x02EA, 0x02EA, 0x0300, 0x0301,
    0x0302, 0x0303, 0x0304, 0x0305, 0x0306, 0x0307, 0x0308, 0x0309, 0x030A, 0x030B, 0x030C, 0x02F9, 0x030D, 0x02EA, 0x02EA, 0x02EA,
    0x0AEA, 0x0AEA, 0x0AEA, 0x0B0D, 0x0AF9, 0x0B0C, 0x0B0B, 0x0B0A, 0x0B09, 0x0B08, 0x0B07, 0x0B06, 0x0B05, 0x0B04, 0x0B03, 0x0B02,
    0x0B01, 0x0B00, 0x0AEA, 0x0AEA, 0x0AEA, 0x0AEA, 0x0AEA, 0x0AEA, 0x0AEA, 0x0AEA, 0x0AEA, 0x0AEA, 0x0AEA, 0x0AEA, 0x0AEA, 0x0AEA,
    0x02EA, 0x02EA, 0x02EA, 0x02EA, 0x02EA, 0x02EA, 0x02EA, 0x02EA, 0x02EA, 0x02EA, 0x02EA, 0x02EA, 0x02EA, 0x02EA, 0x02EA, 0x02EA,
    0x02EA, 0x02EA, 0x030E, 0x030F, 0x0310, 0x0311, 0x0312, 0x0312, 0x0313, 0x0314, 0x0315, 0x0316, 0x0317, 0x02EA, 0x02EA, 0x02EA,
    0x0AEA, 0x0AEA, 0x0AEA, 0x0B17, 0x0B16, 0x0B15, 0x0B14, 0x0B13, 0x0B12, 0x0B12, 0x0B11, 0x0B10, 0x0B0F, 0x0B0E, 0x0AEA, 0x0AEA,
    0x0AEA, 0x0AEA, 0x0AEA, 0x0AEA, 0x0AEA, 0x0AEA, 0x0AEA, 0x0AEA, 0x0AEA, 0x0AEA, 0x0AEA, 0x0AEA, 0x0AEA, 0x0AEA, 0x0AEA, 0x0AEA,
    0x02EA, 0x02EA, 0x02EA, 0x02EA, 0x02EA, 0x02EA, 0x02EA, 0x02EA, 0x02EA, 0x02EA, 0x02EA, 0x02EA, 0x02EA, 0x02EA, 0x02EA, 0x02EA,
    0x02EA, 0x02EA, 0x02EA, 0x0318, 0x0319, 0x031A, 0x031B, 0x031C, 0x031D, 0x031E, 0x02F9, 0x02F9, 0x031F, 0x02EA, 0x02EA, 0x02EA,
    0x0AEA, 0x0AEA, 0x0AEA, 0x0B1F, 0x0AF9, 0x0AF9, 0x0B1E, 0x0B1D, 0x0B1C, 0x0B1B, 0x0B1A, 0x0B19, 0x0B18, 0x0AEA, 0x0AEA, 0x0AEA,
    0x0AEA, 0x0AEA, 0x0AEA, 0x0AEA, 0x0AEA, 0x0AEA, 0x0AEA, 0x0AEA, 0x0AEA, 0x0AEA, 0x0AEA, 0x0AEA, 0x0AEA, 0x0AEA, 0x0AEA, 0x0AEA,
    0x02EA, 0x02EA, 0x02EA, 0x02EA, 0x02EA, 0x02EA, 0x02EA, 0x02EA, 0x02EA, 0x02EA, 0x02EA, 0x02EA, 0x02EA, 0x02EA, 0x02EA, 0x02EA,
    0x02EA, 0x02EA, 0x02EA, 0x02EA, 0x02EA, 0x02EA, 0x02EA, 0x02EA, 0x02EA, 0x0320, 0x0321, 0x0322, 0x0323, 0x02EA, 0x02EA, 0x02EA,
    0x0AEA, 0x0AEA, 0x0AEA, 0x0B23, 0x0B22, 0x0B21, 0x0B20, 0x0AEA, 0x0AEA, 0x0AEA, 0x0AEA, 0x0AEA, 0x0AEA, 0x0AEA, 0x0AEA, 0x0AEA,
    0x0AEA, 0x0AEA, 0x0AEA, 0x0AEA, 0x0AEA, 0x0AEA, 0x0AEA, 0x0AEA, 0x0AEA, 0x0AEA, 0x0AEA, 0x0AEA, 0x0AEA, 0x0AEA, 0x0AEA, 0x0AEA,
    0x02EA, 0x02EA, 0x02EA, 0x02EA, 0x02EA, 0x02EA, 0x02EA, 0x02EA, 0x02EA, 0x0324, 0x0325, 0x0326, 0x0327, 0x0328, 0x02EA, 0x02EA,
    0x02EA, 0x02EA, 0x02EA, 0x02EA, 0x02EA, 0x02EA, 0x02EA, 0x02EA, 0x02EA, 0x02EA, 0x0329, 0x032A, 0x02EA, 0x02EA, 0x02EA, 0x02EA,
    0x0AEA, 0x0AEA, 0x0AEA, 0x0AEA, 0x0B2A, 0x0B29, 0x0AEA, 0x0AEA, 0x0AEA, 0x0AEA, 0x0AEA, 0x0AEA, 0x0AEA, 0x0AEA, 0x0AEA, 0x0AEA,
    0x0AEA, 0x0AEA, 0x0B28, 0x0B27, 0x0B26, 0x0B25, 0x0B24, 0x0AEA, 0x0AEA, 0x0AEA, 0x0AEA, 0x0AEA, 0x0AEA, 0x0AEA, 0x0AEA, 0x0AEA,
    0x02EA, 0x02EA, 0x02EA, 0x02EA, 0x02EA, 0x02EA, 0x02EA, 0x02EA, 0x032B, 0x030C, 0x02F9, 0x02F9, 0x032C, 0x032D, 0x032E, 0x02EA,
    0x02EA, 0x02EA, 0x02EA, 0x02EA, 0x02EA, 0x02EA, 0x02EA, 0x02EA, 0x02EA, 0x02EA, 0x02EA, 0x02EA, 0x02EA, 0x02EA, 0x02EA, 0x02EA,
    0x0AEA, 0x0AEA, 0x0AEA, 0x0AEA, 0x0AEA, 0x0AEA, 0x0AEA, 0x0AEA, 0x0AEA, 0x0AEA, 0x0AEA, 0x0AEA, 0x0AEA, 0x0AEA, 0x0AEA, 0x0AEA,
    0x0AEA, 0x0B2E, 0x0B2D, 0x0B2C, 0x0AF9, 0x0AF9, 0x0B0C, 0x0B2B, 0x0AEA, 0x0AEA, 0x0AEA, 0x0AEA, 0x0AEA, 0x0AEA, 0x0AEA, 0x0AEA,
    0x02EA, 0x02EA, 0x02EA, 0x02EA, 0x02EA, 0x032F, 0x0330, 0x0331, 0x0332, 0x0333, 0x0334, 0x0335, 0x0336, 0x0337, 0x0338, 0x02EA,
    0x02EA, 0x02EA, 0x02EA, 0x02EA, 0x02EA, 0x02EA, 0x02EA, 0x02EA, 0x02EA, 0x02EA, 0x02EA, 0x02EA, 0x02EA, 0x02EA, 0x02EA, 0x02EA,
    0x0AEA, 0x0AEA, 0x0AEA, 0x0AEA, 0x0AEA, 0x0AEA, 0x0AEA, 0x0AEA, 0x0AEA, 0x0AEA, 0x0AEA, 0x0AEA, 0x0AEA, 0x0AEA, 0x0AEA, 0x0AEA,
    0x0AEA, 0x0B38, 0x0B37, 0x0B36, 0x0B35, 0x0B34, 0x0B33, 0x0B32, 0x0B31, 0x0B30, 0x0B2F, 0x0AEA, 0x0AEA, 0x0AEA, 0x0AEA, 0x0AEA,
    0x02EA, 0x02EA, 0x02EA, 0x02EA, 0x02EA, 0x0339, 0x02F9, 0x033A, 0x02F9, 0x02F9, 0x02F9, 0x033B, 0x033C, 0x033D, 0x02EA, 0x02EA,
    0x02EA, 0x02EA, 0x02EA, 0x02EA, 0x02EA, 0x02EA, 0x02EA, 0x02EA, 0x02EA, 0x02EA, 0x02EA, 0x02EA, 0x02EA, 0x02EA, 0x02EA, 0x02EA,
    0x0AEA, 0x0AEA, 0x0AEA, 0x0AEA, 0x0AEA, 0x0AEA, 0x0AEA, 0x0AEA, 0x0AEA, 0x0AEA, 0x0AEA, 0x0AEA, 0x0AEA, 0x0AEA, 0x0AEA, 0x0AEA,
    0x0AEA, 0x0AEA, 0x0B3D, 0x0B3C, 0x0B3B, 0x0AF9, 0x0AF9, 0x0AF9, 0x0B3A, 0x0AF9, 0x0B39, 0x0AEA, 0x0AEA, 0x0AEA, 0x0AEA, 0x0AEA,
    0x02EA, 0x02EA, 0x02EA, 0x02EA, 0x02EA, 0x033E, 0x033F, 0x0340, 0x0341, 0x0342, 0x0343, 0x0344, 0x02EA, 0x02EA, 0x02EA, 0x02EA,
    0x02EA, 0x02EA, 0x0345, 0x0346, 0x0347, 0x0348, 0x0349, 0x034A, 0x034B, 0x02EA, 0x02EA, 0x034C, 0x034D, 0x034E, 0x034F, 0x02EA,
    0x0AEA, 0x0B4F, 0x0B4E, 0x0B4D, 0x0B4C, 0x0AEA, 0x0AEA, 0x0B4B, 0x0B4A, 0x0B49, 0x0B48, 0x0B47, 0x0B46, 0x0B45, 0x0AEA, 0x0AEA,
    0x0AEA, 0x0AEA, 0x0AEA, 0x0AEA, 0x0B44, 0x0B43, 0x0B42, 0x0B41, 0x0B40, 0x0B3F, 0x0B3E, 0x0AEA, 0x0AEA, 0x0AEA, 0x0AEA, 0x0AEA,
    0x0350, 0x0350, 0x0350, 0x0350, 0x0350, 0x0350, 0x0351, 0x0352, 0x0353, 0x0354, 0x0355, 0x0350, 0x0350, 0x0350, 0x0350, 0x0350,
    0x0350, 0x0350, 0x0356, 0x0357, 0x0358, 0x0359, 0x035A, 0x035B, 0x035C, 0x0350, 0x0350, 0x035D, 0x035E, 0x035F, 0x0360, 0x0350,
    0x0B50, 0x0B60, 0x0B5F, 0x0B5E, 0x0B5D, 0x0B50, 0x0B50, 0x0B5C, 0x0B5B, 0x0B5A, 0x0B59, 0x0B58, 0x0B57, 0x0B56, 0x0B50, 0x0B50,
    0x0B50, 0x0B50, 0x0B50, 0x0B50, 0x0B50, 0x0B55, 0x0B54, 0x0B53, 0x0B52, 0x0B51, 0x0B50, 0x0B50, 0x0B50, 0x0B50, 0x0B50, 0x0B50,
    0x0350, 0x0350, 0x0350, 0x0350, 0x0350, 0x0350, 0x0350, 0x0350, 0x0350, 0x0350, 0x0350, 0x0350, 0x0361, 0x0362, 0x0363, 0x0364,
    0x0365, 0x0366, 0x0367, 0x0368, 0x0369, 0x036A, 0x036A, 0x036B, 0x036C, 0x0350, 0x0350, 0x0350, 0x0350, 0x0350, 0x0350, 0x0350,
    0x0B50, 0x0B50, 0x0B50, 0x0B50, 0x0B50, 0x0B50, 0x0B50, 0x0B6C, 0x0B6B, 0x0B6A, 0x0B6A, 0x0B69, 0x0B68, 0x0B67, 0x0B66, 0x0B65,
    0x0B64, 0x0B63, 0x0B62, 0x0B61, 0x0B50, 0x0B50, 0x0B50, 0x0B50, 0x0B50, 0x0B50, 0x0B50, 0x0B50, 0x0B50, 0x0B50, 0x0B50, 0x0B50,
    0x0350, 0x0350, 0x0350, 0x0350, 0x0350, 0x0350, 0x0350, 0x0350, 0x0350, 0x0350, 0x0350, 0x0350, 0x036D, 0x036E, 0x036F, 0x0370,
    0x02F9, 0x0371, 0x0350, 0x0350, 0x0350, 0x0350, 0x0350, 0x0350, 0x0350, 0x0350, 0x0350, 0x0350, 0x0350, 0x0350, 0x0350, 0x0350,
    0x0B50, 0x0B50, 0x0B50, 0x0B50, 0x0B50, 0x0B50, 0x0B50, 0x0B50, 0x0B50, 0x0B50, 0x0B50, 0x0B50, 0x0B50, 0x0B50, 0x0B71, 0x0AF9,
    0x0B70, 0x0B6F, 0x0B6E, 0x0B6D, 0x0B50, 0x0B50, 0x0B50, 0x0B50, 0x0B50, 0x0B50, 0x0B50, 0x0B50, 0x0B50, 0x0B50, 0x0B50, 0x0B50,
    0x0350, 0x0350, 0x0350, 0x0350, 0x0350, 0x0350, 0x0350, 0x0350, 0x0350, 0x0350, 0x0350, 0x0350, 0x0372, 0x0373, 0x0374, 0x0375,
    0x0376, 0x0377, 0x0350, 0x0350, 0x0350, 0x0350, 0x0350, 0x0350, 0x0350, 0x0350, 0x0350, 0x0350, 0x0350, 0x0350, 0x0350, 0x0350,
    0x0B50, 0x0B50, 0x0B50, 0x0B50, 0x0B50, 0x0B50, 0x0B50, 0x0B50, 0x0B50, 0x0B50, 0x0B50, 0x0B50, 0x0B50, 0x0B50, 0x0B77, 0x0B76,
    0x0B75, 0x0B74, 0x0B73, 0x0B72, 0x0B50, 0x0B50, 0x0B50, 0x0B50, 0x0B50, 0x0B50, 0x0B50, 0x0B50, 0x0B50, 0x0B50, 0x0B50, 0x0B50,
    0x0350, 0x0350, 0x0350, 0x0350, 0x0350, 0x0350, 0x0350, 0x0350, 0x0350, 0x0350, 0x0350, 0x0350, 0x0350, 0x0378, 0x0379, 0x037A,
    0x0350, 0x0350, 0x0350, 0x0350, 0x0350, 0x0350, 0x0350, 0x0350, 0x0350, 0x0350, 0x0350, 0x0350, 0x0350, 0x0350, 0x0350, 0x0350,
    0x0B50, 0x0B50, 0x0B50, 0x0B50, 0x0B50, 0x0B50, 0x0B50, 0x0B50, 0x0B50, 0x0B50, 0x0B50, 0x0B50, 0x0B50, 0x0B50, 0x0B50, 0x0B50,
    0x0B7A, 0x0B79, 0x0B78, 0x0B50, 0x0B50, 0x0B50, 0x0B50, 0x0B50, 0x0B50, 0x0B50, 0x0B50, 0x0B50, 0x0B50, 0x0B50, 0x0B50, 0x0B50,
    0x037B, 0x037C, 0x037D, 0x037E, 0x037F, 0x0380, 0x0350, 0x0350, 0x0350, 0x0350, 0x0350, 0x0350, 0x0350, 0x0350, 0x0350, 0x0350,
    0x0350, 0x0350, 0x0350, 0x0350, 0x0350, 0x0350, 0x0350, 0x0350, 0x0350, 0x0350, 0x0350, 0x0350, 0x0350, 0x0350, 0x0350, 0x0350,
    0x0B50, 0x0B50, 0x0B50, 0x0B50, 0x0B50, 0x0B50, 0x0B50, 0x0B50, 0x0B50, 0x0B50, 0x0B50, 0x0B50, 0x0B50, 0x0B50, 0x0B50, 0x0B50,
    0x0B50, 0x0B50, 0x0B50, 0x0B50, 0x0B50, 0x0B50, 0x0B50, 0x0B50, 0x0B50, 0x0B50, 0x0B80, 0x0B7F, 0x0B7E, 0x0B7D, 0x0B7C, 0x0B7B,
    0x0381, 0x0382, 0x0383, 0x0384, 0x0385, 0x0386, 0x0350, 0x0350, 0x0350, 0x0350, 0x0350, 0x0350, 0x0350, 0x0350, 0x0350, 0x0350,
    0x0350, 0x0350, 0x0350, 0x0350, 0x0350, 0x0350, 0x0350, 0x0350, 0x0350, 0x0350, 0x0387, 0x0388, 0x0350, 0x0350, 0x0350, 0x0350,
    0x0B50, 0x0B50, 0x0B50, 0x0B50, 0x0B88, 0x0B87, 0x0B50, 0x0B50, 0x0B50, 0x0B50, 0x0B50, 0x0B50, 0x0B50, 0x0B50, 0x0B50, 0x0B50,
    0x0B50, 0x0B50, 0x0B50, 0x0B50, 0x0B50, 0x0B50, 0x0B50, 0x0B50, 0x0B50, 0x0B50, 0x0B86, 0x0B85, 0x0B84, 0x0B83, 0x0B82, 0x0B81,
    0x0389, 0x038A, 0x038B, 0x038C, 0x038D, 0x038E, 0x038F, 0x0390, 0x0391, 0x0392, 0x0393, 0x0394, 0x0350, 0x0350, 0x0350, 0x0350,
    0x0350, 0x0350, 0x0395, 0x0396, 0x0397, 0x0398, 0x0399, 0x039A, 0x0350, 0x039B, 0x039C, 0x039D, 0x039E, 0x039F, 0x03A0, 0x0350,
    0x0B50, 0x0BA0, 0x0B9F, 0x0B9E, 0x0B9D, 0x0B9C, 0x0B9B, 0x0B50, 0x0B9A, 0x0B99, 0x0B98, 0x0B97, 0x0B96, 0x0B95, 0x0B50, 0x0B50,
    0x0B50, 0x0B50, 0x0B50, 0x0B50, 0x0B94, 0x0B93, 0x0B92, 0x0B91, 0x0B90, 0x0B8F, 0x0B8E, 0x0B8D, 0x0B8C, 0x0B8B, 0x0B8A, 0x0B89,
    0x0350, 0x0350, 0x0350, 0x0350, 0x0350, 0x0350, 0x03A1, 0x03A2, 0x02FB, 0x03A3, 0x03A4, 0x03A5, 0x03A6, 0x0350, 0x0350, 0x0350,
    0x0350, 0x0350, 0x03A7, 0x03A8, 0x03A9, 0x03AA, 0x03AB, 0x03AC, 0x0350, 0x03AD, 0x03AE, 0x03AF, 0x03B0, 0x03B1, 0x03B2, 0x0350,
    0x0B50, 0x0BB2, 0x0BB1, 0x0BB0, 0x0BAF, 0x0BAE, 0x0BAD, 0x0B50, 0x0BAC, 0x0BAB, 0x0BAA, 0x0BA9, 0x0BA8, 0x0BA7, 0x0B50, 0x0B50,
    0x0B50, 0x0B50, 0x0B50, 0x0BA6, 0x0BA5, 0x0BA4, 0x0BA3, 0x0AFB, 0x0BA2, 0x0BA1, 0x0B50, 0x0B50, 0x0B50, 0x0B50, 0x0B50, 0x0B50,
    0x03B3, 0x03B3, 0x03B3, 0x03B3, 0x03B3, 0x03B3, 0x03B4, 0x03B5, 0x03B6, 0x03B7, 0x03B8, 0x03B9, 0x03BA, 0x03B3, 0x03B3, 0x03B3,
    0x03B3, 0x03B3, 0x03BB, 0x03BC, 0x03B8, 0x03B8, 0x03BD, 0x03BE, 0x03B3, 0x03B3, 0x03BF, 0x03C0, 0x03C1, 0x03C2, 0x03C3, 0x03B3,
    0x0BB3, 0x0BC3, 0x0BC2, 0x0BC1, 0x0BC0, 0x0BBF, 0x0BB3, 0x0BB3, 0x0BBE, 0x0BBD, 0x0BB8, 0x0BB8, 0x0BBC, 0x0BBB, 0x0BB3, 0x0BB3,
    0x0BB3, 0x0BB3, 0x0BB3, 0x0BBA, 0x0BB9, 0x0BB8, 0x0BB7, 0x0BB6, 0x0BB5, 0x0BB4, 0x0BB3, 0x0BB3, 0x0BB3, 0x0BB3, 0x0BB3, 0x0BB3,
    0x03B8, 0x03B8, 0x03B8, 0x03B8, 0x03B8, 0x03B8, 0x03B8, 0x03B8, 0x03B8, 0x03B8, 0x03B8, 0x03B8, 0x03B8, 0x03B8, 0x03B8, 0x03B8,
    0x03B8, 0x03B8, 0x03B8, 0x03B8, 0x03B8, 0x03B8, 0x03B8, 0x03B8, 0x03B8, 0x03B8, 0x03B8, 0x03B8, 0x03B8, 0x03B8, 0x03B8, 0x03B8,
    0x0BB8, 0x0BB8, 0x0BB8, 0x0BB8, 0x0BB8, 0x0BB8, 0x0BB8, 0x0BB8, 0x0BB8, 0x0BB8, 0x0BB8, 0x0BB8, 0x0BB8, 0x0BB8, 0x0BB8, 0x0BB8,
    0x0BB8, 0x0BB8, 0x0BB8, 0x0BB8, 0x0BB8, 0x0BB8, 0x0BB8, 0x0BB8, 0x0BB8, 0x0BB8, 0x0BB8, 0x0BB8, 0x0BB8, 0x0BB8, 0x0BB8, 0x0BB8,
    0x03C4, 0x03C5, 0x03C6, 0x03C7, 0x03C8, 0x03C9, 0x03CA, 0x03CA, 0x03CA, 0x03CB, 0x03CC, 0x03CC, 0x03CD, 0x03CE, 0x03B8, 0x03B8,
    0x03B8, 0x03B8, 0x03B8, 0x03B8, 0x03B8, 0x03B8, 0x03B8, 0x03B8, 0x03B8, 0x03CF, 0x03B8, 0x03B8, 0x03B8, 0x03B8, 0x03B8, 0x03B8,
    0x0BB8, 0x0BB8, 0x0BB8, 0x0BB8, 0x0BB8, 0x0BB8, 0x0BCF, 0x0BB8, 0x0BB8, 0x0BB8, 0x0BB8, 0x0BB8, 0x0BB8, 0x0BB8, 0x0BB8, 0x0BB8,
    0x0BB8, 0x0BB8, 0x0BCE, 0x0BCD, 0x0BCC, 0x0BCC, 0x0BCB, 0x0BCA, 0x0BCA, 0x0BCA, 0x0BC9, 0x0BC8, 0x0BC7, 0x0BC6, 0x0BC5, 0x0BC4,
    0x03D0, 0x03D1, 0x03D1, 0x03D1, 0x03D1, 0x03D1, 0x03D1, 0x03D1, 0x03D1, 0x03D2, 0x03D1, 0x03D1, 0x03D1, 0x03D3, 0x03D4, 0x03B8,
    0x03B8, 0x03B8, 0x03B8, 0x03B8, 0x03B8, 0x03B8, 0x03B8, 0x03D5, 0x03D6, 0x03D7, 0x03C4, 0x03D8, 0x03D9, 0x03CA, 0x03DA, 0x03DB,
    0x0BDB, 0x0BDA, 0x0BCA, 0x0BD9, 0x0BD8, 0x0BC4, 0x0BD7, 0x0BD6, 0x0BD5, 0x0BB8, 0x0BB8, 0x0BB8, 0x0BB8, 0x0BB8, 0x0BB8, 0x0BB8,
    0x0BB8, 0x0BD4, 0x0BD3, 0x0BD1, 0x0BD1, 0x0BD1, 0x0BD2, 0x0BD1, 0x0BD1, 0x0BD1, 0x0BD1, 0x0BD1, 0x0BD1, 0x0BD1, 0x0BD1, 0x0BD0,
    0x03DC, 0x03DD, 0x03D1, 0x03D1, 0x03D1, 0x03D1, 0x03DE, 0x03DF, 0x03E0, 0x03E1, 0x03D1, 0x03D1, 0x03D1, 0x03D1, 0x03D1, 0x03E2,
    0x03E3, 0x03B8, 0x03B8, 0x03E4, 0x03E5, 0x03B8, 0x03E6, 0x03E7, 0x03E8, 0x03E9, 0x03EA, 0x03D1, 0x03D1, 0x03D1, 0x03D1, 0x03D1,
    0x0BD1, 0x0BD1, 0x0BD1, 0x0BD1, 0x0BD1, 0x0BEA, 0x0BE9, 0x0BE8, 0x0BE7, 0x0BE6, 0x0BB8, 0x0BE5, 0x0BE4, 0x0BB8, 0x0BB8, 0x0BE3,
    0x0BE2, 0x0BD1, 0x0BD1, 0x0BD1, 0x0BD1, 0x0BD1, 0x0BE1, 0x0BE0, 0x0BDF, 0x0BDE, 0x0BD1, 0x0BD1, 0x0BD1, 0x0BD1, 0x0BDD, 0x0BDC,
    0x03EB, 0x03EC, 0x03ED, 0x03EE, 0x03EF, 0x03EF, 0x03F0, 0x03F1, 0x03F2, 0x03F3, 0x03D1, 0x03D1, 0x03D1, 0x03D1, 0x03D1, 0x03D1,
    0x03F4, 0x03F5, 0x03B8, 0x03F6, 0x03F7, 0x03F8, 0x03F9, 0x03ED, 0x03ED, 0x03ED, 0x03FA, 0x03FB, 0x03FC, 0x03D1, 0x03D1, 0x03D1,
    0x0BD1, 0x0BD1, 0x0BD1, 0x0BFC, 0x0BFB, 0x0BFA, 0x0BED, 0x0BED, 0x0BED, 0x0BF9, 0x0BF8, 0x0BF7, 0x0BF6, 0x0BB8, 0x0BF5, 0x0BF4,
    0x0BD1, 0x0BD1, 0x0BD1, 0x0BD1, 0x0BD1, 0x0BD1, 0x0BF3, 0x0BF2, 0x0BF1, 0x0BF0, 0x0BEF, 0x0BEF, 0x0BEE, 0x0BED, 0x0BEC, 0x0BEB,
    0x03ED, 0x03ED, 0x03ED, 0x03ED, 0x03ED, 0x03ED, 0x03ED, 0x03ED, 0x03ED, 0x03ED, 0x03FD, 0x03D2, 0x03D1, 0x03D1, 0x03FE, 0x03FF,
    0x0400, 0x0401, 0x0402, 0x0403, 0x0404, 0x03ED, 0x03ED, 0x03ED, 0x03ED, 0x03ED, 0x03ED, 0x03ED, 0x0405, 0x0406, 0x0407, 0x0408,
    0x0C08, 0x0C07, 0x0C06, 0x0C05, 0x0BED, 0x0BED, 0x0BED, 0x0BED, 0x0BED, 0x0BED, 0x0BED, 0x0C04, 0x0C03, 0x0C02, 0x0C01, 0x0C00,
    0x0BFF, 0x0BFE, 0x0BD1, 0x0BD1, 0x0BD2, 0x0BFD, 0x0BED, 0x0BED, 0x0BED, 0x0BED, 0x0BED, 0x0BED, 0x0BED, 0x0BED, 0x0BED, 0x0BED,
    0x03ED, 0x03ED, 0x03ED, 0x03ED, 0x03ED, 0x03ED, 0x03ED, 0x03ED, 0x03ED, 0x03ED, 0x03ED, 0x0409, 0x040A, 0x03D1, 0x040B, 0x040C,
    0x040D, 0x03ED, 0x03ED, 0x03ED, 0x03ED, 0x03ED, 0x03ED, 0x03ED, 0x03ED, 0x03ED, 0x03ED, 0x03ED, 0x03ED, 0x040E, 0x040F, 0x0410,
    0x0C10, 0x0C0F, 0x0C0E, 0x0BED, 0x0BED, 0x0BED, 0x0BED, 0x0BED, 0x0BED, 0x0BED, 0x0BED, 0x0BED, 0x0BED, 0x0BED, 0x0BED, 0x0C0D,
    0x0C0C, 0x0C0B, 0x0BD1, 0x0C0A, 0x0C09, 0x0BED, 0x0BED, 0x0BED, 0x0BED, 0x0BED, 0x0BED, 0x0BED, 0x0BED, 0x0BED, 0x0BED, 0x0BED,
    0x03ED, 0x03ED, 0x03ED, 0x03ED, 0x03ED, 0x03ED, 0x03ED, 0x03ED, 0x03ED, 0x03ED, 0x03ED, 0x03ED, 0x03ED, 0x03ED, 0x03ED, 0x03ED,
    0x03ED, 0x03ED, 0x03ED, 0x03ED, 0x03ED, 0x03ED, 0x03ED, 0x03ED, 0x03ED, 0x03ED, 0x03ED, 0x03ED, 0x03ED, 0x03ED, 0x03ED, 0x03ED,
    0x0BED, 0x0BED, 0x0BED, 0x0BED, 0x0BED, 0x0BED, 0x0BED, 0x0BED, 0x0BED, 0x0BED, 0x0BED, 0x0BED, 0x0BED, 0x0BED, 0x0BED, 0x0BED,
    0x0BED, 0x0BED, 0x0BED, 0x0BED, 0x0BED, 0x0BED, 0x0BED, 0x0BED, 0x0BED, 0x0BED, 0x0BED, 0x0BED, 0x0BED, 0x0BED, 0x0BED, 0x0BED,
    0x03ED, 0x03ED, 0x03ED, 0x03ED, 0x03ED, 0x03ED, 0x03ED, 0x03ED, 0x03ED, 0x03ED, 0x03ED, 0x03ED, 0x03ED, 0x03ED, 0x03ED, 0x03ED,
    0x03ED, 0x03ED, 0x03ED, 0x03ED, 0x03ED, 0x03ED, 0x03ED, 0x03ED, 0x03ED, 0x03ED, 0x03ED, 0x03ED, 0x03ED, 0x03ED, 0x03ED, 0x03ED,
    0x0BED, 0x0BED, 0x0BED, 0x0BED, 0x0BED, 0x0BED, 0x0BED, 0x0BED, 0x0BED, 0x0BED, 0x0BED, 0x0BED, 0x0BED, 0x0BED, 0x0BED, 0x0BED,
    0x0BED, 0x0BED, 0x0BED, 0x0BED, 0x0BED, 0x0BED, 0x0BED, 0x0BED, 0x0BED, 0x0BED, 0x0BED, 0x0BED, 0x0BED, 0x0BED, 0x0BED, 0x0BED,
    0x03ED, 0x03ED, 0x03ED, 0x03ED, 0x03ED, 0x03ED, 0x03ED, 0x03ED, 0x03ED, 0x03ED, 0x03ED, 0x03ED, 0x03ED, 0x03ED, 0x03ED, 0x03ED,
    0x03ED, 0x03ED, 0x03ED, 0x03ED, 0x03ED, 0x03ED, 0x03ED, 0x03ED, 0x03ED, 0x03ED, 0x03ED, 0x03ED, 0x03ED, 0x03ED, 0x03ED, 0x03ED,
    0x0BED, 0x0BED, 0x0BED, 0x0BED, 0x0BED, 0x0BED, 0x0BED, 0x0BED, 0x0BED, 0x0BED, 0x0BED, 0x0BED, 0x0BED, 0x0BED, 0x0BED, 0x0BED,
    0x0BED, 0x0BED, 0x0BED, 0x0BED, 0x0BED, 0x0BED, 0x0BED, 0x0BED, 0x0BED, 0x0BED, 0x0BED, 0x0BED, 0x0BED, 0x0BED, 0x0BED, 0x0BED,
};

const u16 logo_map[] = {
    0x00FA, 0x00FA, 0x00FA, 0x00FA, 0x00FA, 0x00FA, 0x00FA, 0x0411, 0x0412, 0x0413, 0x0414, 0x0415, 0x0416, 0x0417, 0x0418, 0x0417,
    0x0417, 0x0417, 0x0417, 0x0414, 0x0419, 0x041A, 0x041B, 0x041C, 0x00FA, 0x00FA, 0x00FA, 0x00FA, 0x00FA, 0x00FA, 0x00FA, 0x00FA,
    0x00FA, 0x00FA, 0x00FA, 0x00FA, 0x00FA, 0x00FA, 0x00FA, 0x041D, 0x041E, 0x041F, 0x0420, 0x0421, 0x0422, 0x0423, 0x0424, 0x0425,
    0x0426, 0x0427, 0x0428, 0x0429, 0x042A, 0x042B, 0x042C, 0x042D, 0x042E, 0x00FA, 0x00FA, 0x00FA, 0x00FA, 0x00FA, 0x00FA, 0x00FA,
    0x00FA, 0x00FA, 0x00FA, 0x00FA, 0x00FA, 0x00FA, 0x00FA, 0x042F, 0x0430, 0x0431, 0x0432, 0x0433, 0x0434, 0x0435, 0x0436, 0x0437,
    0x0438, 0x0439, 0x043A, 0x043B, 0x043C, 0x043D, 0x043E, 0x043F, 0x0440, 0x00FA, 0x00FA, 0x00FA, 0x00FA, 0x00FA, 0x00FA, 0x00FA,
    0x00FA, 0x00FA, 0x00FA, 0x00FA, 0x00FA, 0x00FA, 0x00FA, 0x0441, 0x0442, 0x0443, 0x0444, 0x0445, 0x0446, 0x0447, 0x0448, 0x0449,
    0x044A, 0x044B, 0x044C, 0x044D, 0x044E, 0x044F, 0x0450, 0x0451, 0x0452, 0x00FA, 0x00FA, 0x00FA, 0x00FA, 0x00FA, 0x00FA, 0x00FA,
    0x00FA, 0x00FA, 0x00FA, 0x00FA, 0x00FA, 0x00FA, 0x00FA, 0x0453, 0x0454, 0x0455, 0x0456, 0x0457, 0x0458, 0x0459, 0x045A, 0x045B,
    0x045C, 0x045D, 0x045E, 0x045F, 0x0460, 0x0461, 0x0462, 0x0463, 0x0464, 0x00FA, 0x00FA, 0x00FA, 0x00FA, 0x00FA, 0x00FA, 0x00FA,
    0x00FA, 0x00FA, 0x00FA, 0x00FA, 0x00FA, 0x00FA, 0x00FA, 0x0465, 0x0466, 0x0467, 0x0468, 0x0469, 0x046A, 0x046B, 0x046C, 0x046D,
    0x046E, 0x046F, 0x0470, 0x0471, 0x0472, 0x0473, 0x0474, 0x0475, 0x0476, 0x00FA, 0x00FA, 0x00FA, 0x00FA, 0x00FA, 0x00FA, 0x00FA,
    0x00FA, 0x00FA, 0x00FA, 0x00FA, 0x00FA, 0x00FA, 0x0477, 0x0478, 0x0479, 0x047A, 0x047B, 0x047C, 0x047D, 0x047E, 0x047F, 0x0480,
    0x0481, 0x0482, 0x0483, 0x0484, 0x0485, 0x0486, 0x0487, 0x0488, 0x0489, 0x048A, 0x00FA, 0x00FA, 0x00FA, 0x00FA, 0x00FA, 0x00FA,
    0x00FA, 0x00FA, 0x00FA, 0x00FA, 0x00FA, 0x00FA, 0x00FA, 0x048B, 0x048C, 0x00FA, 0x00FA, 0x00FA, 0x00FA, 0x00FA, 0x00FA, 0x048D,
    0x00FA, 0x00FA, 0x00FA, 0x00FA, 0x00FA, 0x00FA, 0x00FA, 0x00FA, 0x00FA, 0x00FA, 0x00FA, 0x00FA, 0x00FA, 0x00FA, 0x00FA, 0x00FA,
};

const u16 icon_cells[] = {
    0x0069, 0x006A, 0x006B, 0x006C, 0x006D, 0x006E, 0x006F, 0x0070,
    0x0071, 0x0072, 0x0073, 0x0074, 0x0075, 0x0076, 0x0077, 0x0078,
};

